Timestamp,Temperature,Humidity,CO2,PM2.5,PM10,TVOC,CO,Occupancy_Count,Ventilation_Status
18-02-2024 08:00,21.75,63.11,989.74,31.17,89.66,226.83,2.84,49.0,Open
18-02-2024 08:05,27.51,68.03,924.59,27.32,44.82,116.76,3.12,11.0,Open
18-02-2024 08:10,25.32,53.51,604.05,73.84,71.08,56.59,3.59,29.0,Closed
18-02-2024 08:15,23.99,58.52,692.2,62.94,10.9,228.06,2.66,28.0,Closed
18-02-2024 08:20,19.56,69.34,533.12,26.56,88.06,267.26,1.76,16.0,Closed
18-02-2024 08:25,19.56,39.04,841.92,25.82,61.36,87.23,3.1,33.0,
18-02-2024 08:30,18.58,66.19,677.37,62.7,61.55,276.81,4.16,22.0,Closed
18-02-2024 08:35,26.66,52.37,607.25,18.14,77.28,248.61,4.29,2.0,Open
18-02-2024 08:40,24.01,37.51,738.58,5.77,12.64,276.6,1.81,37.0,Closed
18-02-2024 08:45,25.08,41.57,821.62,48.15,80.83,306.08,3.1,26.0,Closed
18-02-2024 08:50,18.21,57.52,476.44,37.1,20.31,383.12,4.34,7.0,Closed
18-02-2024 08:55,27.7,66.88,890.25,5.59,67.58,489.96,2.07,6.0,Open
18-02-2024 09:00,26.32,34.76,461.93,49.91,74.41,92.15,3.26,6.0,Open
18-02-2024 09:05,20.12,55.57,911.43,35.34,53.18,356.84,4.41,36.0,Open
18-02-2024 09:10,19.82,45.08,485.39,19.72,27.18,274.55,3.86,20.0,Open
18-02-2024 09:15,19.83,42.87,404.95,9.43,67.73,496.37,1.6,5.0,Closed
18-02-2024 09:20,21.04,37.2,724.59,48.22,79.9,68.43,4.92,41.0,Open
18-02-2024 09:25,23.25,65.53,551.2,56.21,15.32,458.38,2.97,36.0,Closed
18-02-2024 09:30,22.32,44.57,765.21,57.42,33.43,191.17,3.34,20.0,Open
18-02-2024 09:35,20.91,47.73,444.56,20.76,96.23,391.23,2.54,17.0,Closed
18-02-2024 09:40,24.12,38.3,683.11,50.74,49.35,473.86,3.17,31.0,Closed
18-02-2024 09:45,19.39,54.31,786.65,22.14,66.0,114.0,2.77,5.0,
18-02-2024 09:50,20.92,47.61,688.78,60.58,53.06,496.55,1.72,,Open
18-02-2024 09:55,21.66,37.72,588.88,26.8,11.38,338.37,3.34,36.0,Closed
18-02-2024 10:00,22.56,42.42,750.56,74.67,94.5,191.21,3.97,46.0,Closed
18-02-2024 10:05,25.85,45.65,997.5,59.46,19.11,217.74,3.22,15.0,Closed
18-02-2024 10:10,20.0,33.08,537.98,62.35,29.91,87.66,3.84,5.0,Closed
18-02-2024 10:15,23.14,32.07,561.67,28.72,52.26,366.38,3.95,47.0,Closed
18-02-2024 10:20,23.92,69.7,788.31,41.57,24.05,89.23,1.91,1.0,Open
18-02-2024 10:25,18.46,67.11,929.87,,43.79,241.33,3.17,44.0,Closed
18-02-2024 10:30,24.08,53.73,593.57,23.28,78.05,367.27,3.39,18.0,Open
18-02-2024 10:35,19.71,39.79,745.54,,86.31,471.57,1.14,41.0,Closed
18-02-2024 10:40,18.65,39.3,911.55,20.14,63.6,144.68,2.51,49.0,Open
18-02-2024 10:45,27.49,47.62,941.78,30.0,91.35,157.24,2.61,15.0,Closed
18-02-2024 10:50,27.66,45.45,924.54,38.56,84.77,327.05,1.69,26.0,Open
18-02-2024 10:55,26.08,59.32,693.44,8.92,13.47,466.7,0.63,30.0,Closed
18-02-2024 11:00,21.05,46.28,566.46,53.89,27.46,201.48,1.62,19.0,Closed
18-02-2024 11:05,18.98,68.21,631.92,43.29,98.93,484.36,3.43,40.0,Closed
18-02-2024 11:10,24.84,40.12,667.53,61.01,12.58,444.5,2.29,15.0,Open
18-02-2024 11:15,22.4,31.07,661.33,62.93,29.44,255.85,2.03,25.0,Open
18-02-2024 11:20,19.22,54.13,466.82,48.05,60.51,219.73,0.94,20.0,Closed
18-02-2024 11:25,22.95,69.52,761.11,10.97,56.94,216.19,1.68,13.0,Closed
18-02-2024 11:30,18.34,64.06,730.27,60.65,12.54,88.43,0.65,26.0,Open
18-02-2024 11:35,27.09,30.21,986.88,49.45,69.84,427.82,3.7,1.0,Closed
18-02-2024 11:40,20.59,53.01,911.4,52.26,64.75,233.6,0.58,22.0,Closed
18-02-2024 11:45,24.63,48.15,498.32,11.62,85.51,231.45,4.35,4.0,Closed
18-02-2024 11:50,21.12,60.73,838.86,70.28,,244.46,2.0,5.0,Open
18-02-2024 11:55,23.2,40.11,700.14,19.38,94.18,435.04,0.85,22.0,Open
18-02-2024 12:00,23.47,39.75,512.11,49.18,62.36,288.02,2.7,36.0,Open
18-02-2024 12:05,19.85,42.67,461.93,56.67,67.39,377.72,0.79,7.0,Open
18-02-2024 12:10,27.7,39.85,606.67,9.29,30.96,362.11,4.82,47.0,Closed
18-02-2024 12:15,25.75,30.88,817.48,33.33,60.56,371.62,4.85,24.0,Open
18-02-2024 12:20,27.39,55.13,648.22,45.31,37.67,313.94,1.57,21.0,Closed
18-02-2024 12:25,26.95,54.51,952.62,5.1,91.44,176.78,3.47,22.0,Open
18-02-2024 12:30,23.98,,638.67,5.1,91.6,208.39,,42.0,Closed
18-02-2024 12:35,27.22,57.91,922.13,34.68,16.04,300.48,3.35,21.0,Open
18-02-2024 12:40,18.88,55.63,479.05,27.92,96.81,383.17,2.57,15.0,Closed
18-02-2024 12:45,19.96,39.28,657.57,60.57,50.14,285.34,0.16,19.0,Open
18-02-2024 12:50,18.45,59.61,989.24,,10.22,,3.05,13.0,Open
18-02-2024 12:55,21.25,64.22,746.28,8.4,50.72,245.15,1.09,48.0,Closed
18-02-2024 13:00,21.89,47.76,962.55,60.08,98.41,435.73,0.91,0.0,Closed
18-02-2024 13:05,20.71,51.62,420.92,43.19,24.24,429.11,4.33,43.0,Closed
18-02-2024 13:10,26.29,61.37,546.48,25.43,15.17,140.56,4.04,0.0,Closed
18-02-2024 13:15,21.57,48.62,599.21,,,175.52,0.21,9.0,Open
18-02-2024 13:20,20.81,56.66,979.63,11.31,22.75,201.41,3.16,20.0,Open
18-02-2024 13:25,23.43,38.59,746.51,70.57,20.27,460.15,1.81,15.0,Closed
18-02-2024 13:30,19.41,53.37,486.14,24.87,67.75,104.6,3.9,31.0,Closed
18-02-2024 13:35,26.02,31.49,415.61,36.3,22.58,412.63,4.71,30.0,Closed
18-02-2024 13:40,18.75,,594.95,49.78,10.9,397.19,3.31,21.0,Closed
18-02-2024 13:45,27.87,66.83,862.98,25.15,79.03,392.35,3.29,16.0,Open
18-02-2024 13:50,25.72,53.81,868.79,20.36,86.25,263.9,4.72,36.0,Closed
18-02-2024 13:55,19.99,48.22,732.95,74.81,36.24,246.91,1.55,16.0,Closed
18-02-2024 14:00,18.06,50.88,946.88,45.71,45.71,467.55,0.4,24.0,Open
18-02-2024 14:05,26.15,30.0,473.33,34.87,54.28,458.05,3.32,26.0,Open
18-02-2024 14:10,25.07,48.38,854.49,10.52,46.04,130.25,3.77,36.0,Open
18-02-2024 14:15,25.29,35.76,875.92,8.02,90.04,309.94,4.93,12.0,Open
18-02-2024 14:20,25.71,64.33,670.73,20.48,15.06,136.16,0.56,0.0,Open
18-02-2024 14:25,18.74,46.54,847.59,26.47,74.58,461.25,1.25,16.0,Open
18-02-2024 14:30,21.58,39.28,543.04,46.3,74.43,373.47,0.55,20.0,Open
18-02-2024 14:35,19.16,50.47,695.79,45.05,22.05,101.34,,42.0,Closed
18-02-2024 14:40,26.63,44.63,525.02,73.59,83.66,413.99,1.49,,Open
18-02-2024 14:45,24.23,48.4,702.74,34.36,67.19,114.06,3.37,1.0,Open
18-02-2024 14:50,21.31,59.03,,71.39,45.02,161.25,1.58,1.0,Open
18-02-2024 14:55,18.64,50.37,401.56,25.33,10.26,485.4,4.58,2.0,Closed
18-02-2024 15:00,21.11,66.6,,67.62,10.55,172.63,3.12,17.0,Closed
18-02-2024 15:05,21.25,40.27,690.16,49.34,46.3,97.69,1.53,1.0,
18-02-2024 15:10,25.3,43.04,458.98,8.86,58.6,183.13,1.99,13.0,Open
18-02-2024 15:15,24.38,61.1,610.27,70.12,70.63,270.92,2.53,5.0,Open
18-02-2024 15:20,26.87,61.34,925.5,9.51,23.83,59.25,4.93,0.0,Closed
18-02-2024 15:25,22.72,69.06,783.71,56.58,20.39,75.92,1.5,49.0,Closed
18-02-2024 15:30,19.2,55.14,553.12,43.77,27.99,137.66,1.78,17.0,Open
18-02-2024 15:35,25.13,52.95,418.98,52.94,18.44,234.35,0.16,29.0,Closed
18-02-2024 15:40,25.61,53.55,585.25,48.12,,383.89,3.29,27.0,Open
18-02-2024 15:45,23.61,44.45,979.57,74.54,93.99,65.46,0.41,27.0,Closed
18-02-2024 15:50,25.71,45.4,609.05,55.6,65.05,157.07,4.61,30.0,Closed
18-02-2024 15:55,22.94,41.19,515.7,38.15,,459.15,3.34,15.0,Open
18-02-2024 16:00,23.23,53.88,662.95,36.71,72.78,472.12,1.08,1.0,Closed
18-02-2024 16:05,22.28,63.61,843.7,9.97,26.05,249.89,3.57,8.0,Open
18-02-2024 16:10,18.25,55.34,914.81,24.25,80.84,279.23,4.32,24.0,Open
18-02-2024 16:15,19.08,48.9,447.61,7.32,81.34,63.73,1.07,22.0,Open
18-02-2024 16:20,18.31,32.55,599.83,19.07,79.02,340.67,0.65,0.0,Open
18-02-2024 16:25,24.36,39.91,916.04,17.2,97.11,211.38,0.64,16.0,Closed
18-02-2024 16:30,21.14,63.8,618.17,25.04,45.08,207.81,3.94,22.0,Closed
18-02-2024 16:35,23.09,45.85,631.63,24.45,13.91,363.23,2.87,45.0,Closed
18-02-2024 16:40,27.08,65.42,912.33,26.66,45.22,227.87,3.85,,Open
18-02-2024 16:45,20.49,39.71,675.84,26.83,43.56,295.97,4.31,41.0,Closed
18-02-2024 16:50,22.1,53.03,482.72,10.95,53.5,88.72,3.1,9.0,Closed
18-02-2024 16:55,25.56,68.55,576.7,60.69,50.67,114.65,0.96,28.0,Open
18-02-2024 17:00,20.29,52.27,795.67,68.89,34.17,169.52,3.73,8.0,Closed
18-02-2024 17:05,18.77,38.36,603.21,72.82,37.62,311.94,1.14,0.0,Closed
18-02-2024 17:10,20.9,39.18,735.16,7.18,59.47,152.01,2.98,15.0,Open
18-02-2024 17:15,19.61,36.31,585.46,27.64,63.73,111.67,1.62,42.0,Closed
18-02-2024 17:20,27.3,30.85,931.37,39.3,86.04,352.44,,37.0,Closed
18-02-2024 17:25,26.08,57.7,870.56,68.22,95.71,275.81,2.92,31.0,Open
18-02-2024 17:30,24.33,61.32,520.2,51.09,,56.77,,21.0,Open
18-02-2024 17:35,26.71,62.81,787.57,18.02,84.48,447.78,0.54,20.0,Closed
18-02-2024 17:40,26.04,32.95,452.68,66.65,99.24,181.09,0.41,33.0,Open
18-02-2024 17:45,19.87,67.69,617.98,74.91,69.1,131.35,3.51,32.0,Closed
18-02-2024 17:50,26.93,54.74,737.49,24.33,77.88,112.06,4.15,0.0,Closed
18-02-2024 17:55,23.39,33.53,972.21,27.2,51.61,236.13,4.54,31.0,Closed
18-02-2024 18:00,26.07,33.4,857.82,48.18,85.03,337.68,1.46,12.0,Open
18-02-2024 18:05,26.96,50.39,614.42,49.46,50.87,429.4,1.92,27.0,Closed
18-02-2024 18:10,21.18,39.77,959.42,5.88,81.15,442.11,2.2,8.0,Open
18-02-2024 18:15,19.1,,526.27,68.81,26.11,260.74,1.19,45.0,Open
18-02-2024 18:20,20.28,30.47,899.72,72.83,81.37,,4.25,39.0,Open
18-02-2024 18:25,22.27,49.29,706.87,69.52,30.82,78.44,2.83,4.0,Open
18-02-2024 18:30,26.18,33.46,965.58,50.76,63.01,292.74,4.31,33.0,Open
18-02-2024 18:35,26.61,33.07,,45.22,44.53,422.8,2.26,28.0,Closed
18-02-2024 18:40,18.07,36.35,408.27,14.08,55.48,482.42,2.24,47.0,Open
18-02-2024 18:45,23.11,30.43,598.78,9.35,16.14,359.18,3.48,29.0,Closed
18-02-2024 18:50,22.17,34.14,561.51,11.07,21.59,50.03,1.71,21.0,Closed
18-02-2024 18:55,20.22,53.77,989.28,26.03,65.05,324.64,4.52,17.0,Open
18-02-2024 19:00,19.2,40.27,,60.68,79.11,287.49,2.26,27.0,Closed
18-02-2024 19:05,21.38,32.75,661.67,60.21,15.66,181.38,1.05,22.0,Open
18-02-2024 19:10,27.43,35.42,970.86,55.12,40.96,102.93,0.57,25.0,Open
18-02-2024 19:15,21.23,31.73,924.01,45.45,53.4,152.52,2.21,7.0,Closed
18-02-2024 19:20,23.19,61.08,490.56,6.73,81.66,170.44,2.9,27.0,Closed
18-02-2024 19:25,25.03,52.46,903.13,72.78,66.83,195.67,1.76,47.0,Open
18-02-2024 19:30,21.64,48.97,791.52,51.18,76.54,306.23,1.77,18.0,Open
18-02-2024 19:35,27.72,64.93,450.7,22.26,82.12,254.09,4.72,,Open
18-02-2024 19:40,27.62,33.19,410.12,68.75,21.51,,0.69,43.0,Open
18-02-2024 19:45,20.52,31.49,954.15,22.53,50.87,275.46,3.52,17.0,Open
18-02-2024 19:50,22.97,46.96,655.52,45.58,81.02,240.2,1.9,10.0,Open
18-02-2024 19:55,21.01,40.56,875.74,13.33,87.94,365.06,0.54,43.0,Open
18-02-2024 20:00,20.85,49.03,439.06,73.52,31.1,388.45,3.52,23.0,Open
18-02-2024 20:05,18.37,66.14,905.63,45.16,27.18,191.5,4.12,2.0,Open
18-02-2024 20:10,24.1,47.85,740.6,12.52,16.51,331.15,0.43,31.0,Closed
18-02-2024 20:15,23.03,36.85,519.91,18.67,45.05,221.32,0.47,24.0,Closed
18-02-2024 20:20,18.51,61.91,553.12,41.91,78.11,,2.86,37.0,Closed
18-02-2024 20:25,20.79,45.55,989.61,12.24,62.61,311.84,4.87,39.0,
18-02-2024 20:30,27.08,60.2,699.99,58.21,31.25,154.55,3.97,26.0,Open
18-02-2024 20:35,20.4,35.66,504.28,44.36,10.25,153.57,,26.0,Open
18-02-2024 20:40,19.45,43.49,798.74,15.61,79.18,269.62,2.66,47.0,Open
18-02-2024 20:45,22.89,,447.25,19.69,51.22,93.78,4.11,33.0,Open
18-02-2024 20:50,27.86,39.42,853.39,61.04,82.54,324.02,4.51,30.0,Open
18-02-2024 20:55,20.42,55.88,926.34,59.75,66.22,242.32,4.02,11.0,Open
18-02-2024 21:00,,41.73,513.42,16.25,45.69,314.06,1.45,17.0,Open
18-02-2024 21:05,25.62,35.57,678.76,27.88,53.5,112.11,2.57,16.0,Open
18-02-2024 21:10,20.38,32.25,935.46,22.73,75.38,428.79,1.41,26.0,Closed
18-02-2024 21:15,,54.11,882.76,29.14,56.16,88.37,4.66,13.0,Closed
18-02-2024 21:20,21.68,33.08,420.06,29.16,64.47,301.22,2.37,46.0,Closed
18-02-2024 21:25,24.32,61.95,484.75,40.28,17.2,146.92,4.35,46.0,Closed
18-02-2024 21:30,24.34,44.29,990.31,23.02,22.88,70.74,3.36,43.0,Closed
18-02-2024 21:35,23.36,42.2,554.74,12.19,37.65,180.15,2.56,20.0,Closed
18-02-2024 21:40,18.9,54.99,715.93,24.13,47.4,159.0,2.36,35.0,Closed
18-02-2024 21:45,26.35,52.26,422.06,33.69,23.84,381.05,3.32,6.0,Open
18-02-2024 21:50,,69.5,488.2,65.3,14.0,269.31,2.04,41.0,Open
18-02-2024 21:55,19.87,32.05,655.51,30.0,69.23,297.16,0.25,45.0,Closed
18-02-2024 22:00,18.41,64.05,530.49,19.23,79.05,132.76,3.59,1.0,Open
18-02-2024 22:05,23.91,53.98,758.13,66.68,21.79,188.95,2.35,48.0,Open
18-02-2024 22:10,24.78,65.3,967.86,45.46,95.12,486.54,3.52,18.0,Open
18-02-2024 22:15,18.17,57.76,829.98,39.04,62.62,97.6,1.95,33.0,Closed
18-02-2024 22:20,23.12,60.49,758.67,46.5,40.35,199.67,1.56,12.0,
18-02-2024 22:25,20.26,61.47,417.66,56.17,55.22,446.85,3.45,41.0,Closed
18-02-2024 22:30,24.45,30.61,902.18,11.18,21.03,,2.57,48.0,Closed
18-02-2024 22:35,19.74,63.53,754.77,71.53,34.31,124.14,1.39,33.0,Closed
18-02-2024 22:40,24.91,57.17,535.56,60.59,58.73,315.23,4.01,23.0,Closed
18-02-2024 22:45,21.87,67.9,829.06,73.18,35.67,323.68,4.83,30.0,Open
18-02-2024 22:50,27.37,35.33,831.27,39.82,31.22,312.37,1.57,29.0,Open
18-02-2024 22:55,19.38,66.86,782.6,29.85,82.0,262.97,0.82,35.0,Closed
18-02-2024 23:00,21.41,64.18,781.5,51.16,48.54,491.77,4.45,34.0,Open
18-02-2024 23:05,,39.05,696.49,12.64,40.86,66.54,1.26,29.0,Open
18-02-2024 23:10,27.25,34.96,678.17,19.63,34.78,177.57,1.26,4.0,Open
18-02-2024 23:15,26.77,55.14,416.78,12.48,32.94,211.71,4.07,24.0,Closed
18-02-2024 23:20,20.58,57.04,893.79,38.06,63.11,351.61,3.22,37.0,Open
18-02-2024 23:25,24.6,58.44,963.19,26.35,57.32,191.44,0.41,20.0,Closed
18-02-2024 23:30,26.17,63.82,965.4,19.34,24.42,128.32,3.33,1.0,Open
18-02-2024 23:35,23.55,52.27,765.52,6.64,42.81,225.21,3.49,12.0,Open
18-02-2024 23:40,23.3,41.36,784.9,53.58,73.87,,2.66,13.0,Closed
18-02-2024 23:45,20.42,64.28,740.91,36.37,47.19,233.64,1.43,13.0,Closed
18-02-2024 23:50,18.93,47.34,630.93,32.49,59.03,311.77,0.6,3.0,Closed
18-02-2024 23:55,26.97,47.38,909.76,19.12,14.34,218.26,0.12,10.0,Open
19-02-2024 00:00,27.0,49.7,400.14,35.72,25.04,349.17,2.36,41.0,Closed
19-02-2024 00:05,24.33,63.42,563.74,48.62,75.32,299.95,3.68,31.0,Open
19-02-2024 00:10,21.39,68.83,955.11,10.6,90.76,424.97,0.12,23.0,Open
19-02-2024 00:15,21.49,36.84,498.34,13.56,40.66,459.96,3.93,39.0,Open
19-02-2024 00:20,25.26,34.89,929.3,30.82,76.99,165.46,2.25,46.0,Open
19-02-2024 00:25,26.97,41.51,869.83,46.41,11.14,154.38,,46.0,Closed
19-02-2024 00:30,26.87,66.17,787.0,8.72,96.55,274.1,4.98,17.0,Open
19-02-2024 00:35,25.8,51.12,778.69,51.41,74.83,249.35,3.03,4.0,Closed
19-02-2024 00:40,24.42,30.23,655.21,63.71,98.2,492.0,2.7,42.0,Open
19-02-2024 00:45,18.84,53.28,416.51,23.83,62.83,334.99,0.44,6.0,Closed
19-02-2024 00:50,19.62,51.96,776.48,36.05,45.56,167.07,1.1,45.0,Open
19-02-2024 00:55,26.99,33.19,542.4,29.92,31.06,190.78,4.25,22.0,Open
19-02-2024 01:00,24.06,35.96,524.55,27.22,40.38,233.81,0.37,12.0,Open
19-02-2024 01:05,18.09,33.72,569.58,50.51,62.23,63.24,0.85,26.0,Open
19-02-2024 01:10,19.01,50.85,606.4,71.53,72.28,484.33,1.25,12.0,Open
19-02-2024 01:15,24.64,51.24,512.79,30.54,24.05,90.22,2.31,8.0,
19-02-2024 01:20,18.05,48.41,988.18,51.51,32.25,306.0,0.36,,Closed
19-02-2024 01:25,19.61,48.04,781.77,21.01,28.26,484.85,2.07,41.0,Closed
19-02-2024 01:30,23.49,53.22,640.64,64.61,67.87,374.46,0.74,29.0,Open
19-02-2024 01:35,24.92,56.49,428.24,21.88,91.47,,2.68,28.0,Closed
19-02-2024 01:40,24.52,68.55,905.85,9.84,28.01,474.33,1.67,36.0,Closed
19-02-2024 01:45,20.24,51.81,617.95,26.05,76.4,440.7,3.6,33.0,Closed
19-02-2024 01:50,25.12,40.63,776.99,32.85,51.37,59.96,4.66,13.0,Open
19-02-2024 01:55,20.37,68.98,860.29,28.65,61.62,198.66,4.34,37.0,Closed
19-02-2024 02:00,21.25,34.23,779.36,54.97,28.47,431.11,4.21,37.0,Closed
19-02-2024 02:05,25.46,42.51,825.62,53.03,57.8,228.51,2.47,21.0,Open
19-02-2024 02:10,24.5,66.1,673.01,65.73,24.68,466.24,1.27,29.0,
19-02-2024 02:15,26.49,67.75,431.1,36.75,79.21,369.39,4.79,30.0,Open
19-02-2024 02:20,24.58,55.8,924.19,12.41,45.49,102.16,0.99,37.0,Closed
19-02-2024 02:25,23.68,30.58,477.58,73.66,16.17,237.18,2.21,45.0,Closed
19-02-2024 02:30,18.94,47.7,967.53,64.24,47.07,135.54,0.7,20.0,Open
19-02-2024 02:35,21.68,67.31,846.57,60.69,21.21,142.02,3.86,1.0,Open
19-02-2024 02:40,20.65,65.59,799.16,61.62,63.0,326.08,0.62,4.0,Closed
19-02-2024 02:45,20.44,65.75,722.69,20.7,40.97,104.21,2.77,15.0,Closed
19-02-2024 02:50,27.73,41.75,921.14,65.95,86.08,342.17,2.41,39.0,Open
19-02-2024 02:55,21.93,62.99,887.53,30.76,90.82,246.72,2.85,14.0,Closed
19-02-2024 03:00,26.92,56.89,587.11,54.41,73.24,193.06,3.38,36.0,Closed
19-02-2024 03:05,24.31,65.75,647.1,8.53,10.33,367.92,3.84,21.0,Closed
19-02-2024 03:10,25.95,55.52,558.43,36.59,93.84,235.83,2.47,2.0,Closed
19-02-2024 03:15,23.03,45.01,546.95,54.01,12.05,178.72,0.41,22.0,Closed
19-02-2024 03:20,23.77,55.38,802.86,38.83,63.78,234.48,2.45,34.0,Open
19-02-2024 03:25,22.93,44.31,953.25,37.4,15.21,,1.54,31.0,Open
19-02-2024 03:30,19.95,30.1,913.56,30.91,42.54,416.47,3.82,30.0,Open
19-02-2024 03:35,25.22,62.67,535.59,16.42,60.15,202.02,0.69,5.0,Open
19-02-2024 03:40,20.81,63.97,961.02,59.7,30.26,361.0,3.33,26.0,Closed
19-02-2024 03:45,18.24,59.92,669.07,54.63,22.1,490.75,4.4,22.0,Closed
19-02-2024 03:50,24.45,39.1,598.05,27.49,80.17,270.07,,6.0,Open
19-02-2024 03:55,19.77,35.44,522.58,55.52,24.61,108.22,2.89,49.0,Closed
19-02-2024 04:00,27.4,36.8,798.16,38.51,,172.75,3.73,32.0,Open
19-02-2024 04:05,27.54,50.04,667.97,25.13,71.58,465.25,0.7,47.0,Open
19-02-2024 04:10,27.15,40.57,705.12,73.9,18.24,96.91,4.59,33.0,Closed
19-02-2024 04:15,21.7,65.13,551.85,37.03,29.25,64.86,2.32,43.0,Closed
19-02-2024 04:20,18.15,51.77,802.87,17.4,82.48,437.24,2.97,1.0,Open
19-02-2024 04:25,27.28,48.01,470.37,39.84,47.72,112.84,1.69,46.0,Open
19-02-2024 04:30,22.28,64.86,935.94,47.17,18.58,106.69,1.8,33.0,Closed
19-02-2024 04:35,27.67,33.24,761.25,,97.47,226.59,,1.0,Open
19-02-2024 04:40,27.64,64.84,674.11,46.76,,194.88,2.57,11.0,Closed
19-02-2024 04:45,26.53,62.09,501.54,10.57,44.28,285.39,2.21,46.0,Open
19-02-2024 04:50,20.94,57.48,734.5,49.6,52.06,236.34,1.21,44.0,Open
19-02-2024 04:55,21.85,34.44,571.02,16.62,62.28,383.8,1.43,5.0,Closed
19-02-2024 05:00,26.51,32.1,901.34,55.01,50.02,262.89,3.91,17.0,Open
19-02-2024 05:05,21.17,36.64,709.22,38.4,76.09,103.59,1.28,21.0,Open
19-02-2024 05:10,19.69,40.81,401.51,73.64,16.14,139.53,3.13,24.0,Open
19-02-2024 05:15,23.57,54.65,648.31,25.08,93.74,,1.21,8.0,Open
19-02-2024 05:20,27.36,33.21,930.96,53.71,70.78,333.93,1.52,12.0,Open
19-02-2024 05:25,24.96,37.32,593.69,13.52,60.24,348.97,2.36,46.0,Closed
19-02-2024 05:30,23.7,38.02,523.79,64.85,27.16,174.8,3.05,41.0,Closed
19-02-2024 05:35,18.97,56.83,439.0,36.53,42.06,484.87,0.65,42.0,Open
19-02-2024 05:40,24.15,43.85,606.59,69.03,76.0,255.69,2.11,29.0,Open
19-02-2024 05:45,27.9,41.01,949.5,8.52,77.95,81.72,2.96,0.0,Closed
19-02-2024 05:50,19.4,31.16,579.2,67.24,55.45,457.52,1.5,47.0,Open
19-02-2024 05:55,23.18,33.77,520.18,55.49,32.46,188.37,0.22,48.0,Open
19-02-2024 06:00,26.77,51.99,648.79,47.72,85.07,459.92,0.93,37.0,Closed
19-02-2024 06:05,25.41,55.33,688.76,29.99,29.05,,3.06,39.0,Open
19-02-2024 06:10,24.97,59.69,959.49,36.04,91.73,221.72,1.01,34.0,Open
19-02-2024 06:15,25.02,49.9,656.31,52.8,45.28,,2.21,32.0,Open
19-02-2024 06:20,21.59,40.76,958.59,25.18,57.83,202.08,0.7,15.0,Open
19-02-2024 06:25,20.94,41.7,414.74,60.78,97.74,499.33,2.87,14.0,Open
19-02-2024 06:30,26.09,56.03,466.14,37.4,69.62,51.09,1.66,2.0,Open
19-02-2024 06:35,26.1,47.06,521.13,38.79,31.09,206.95,0.62,11.0,Open
19-02-2024 06:40,26.67,36.34,,12.35,11.04,239.46,,45.0,Open
19-02-2024 06:45,27.13,30.16,540.38,58.56,77.93,254.45,1.44,38.0,Open
19-02-2024 06:50,23.11,40.4,926.24,11.61,60.76,163.36,3.18,47.0,Open
19-02-2024 06:55,23.02,60.22,402.56,44.39,28.66,56.05,4.57,48.0,Open
19-02-2024 07:00,25.98,56.59,996.27,9.01,81.21,90.15,0.23,,Closed
19-02-2024 07:05,24.5,33.9,632.6,49.18,15.67,479.4,0.67,34.0,Open
19-02-2024 07:10,25.02,47.77,599.92,65.03,41.81,348.86,2.22,2.0,Closed
19-02-2024 07:15,25.96,35.78,823.97,14.28,57.02,163.17,0.35,38.0,Closed
19-02-2024 07:20,26.9,48.92,768.01,34.58,12.29,496.78,4.55,42.0,Closed
19-02-2024 07:25,21.38,34.43,607.84,55.82,22.16,212.55,1.48,24.0,
19-02-2024 07:30,21.76,57.18,440.02,30.97,30.44,455.62,2.54,10.0,Closed
19-02-2024 07:35,18.94,53.36,882.36,18.26,88.79,151.19,2.7,6.0,Closed
19-02-2024 07:40,23.78,40.36,786.68,48.81,71.54,189.71,2.33,16.0,Closed
19-02-2024 07:45,18.36,69.7,999.13,59.95,89.65,374.4,4.21,27.0,
19-02-2024 07:50,22.66,53.55,717.39,23.04,57.97,480.05,2.88,27.0,Open
19-02-2024 07:55,23.43,40.75,406.96,64.0,79.06,138.03,1.6,47.0,Closed
19-02-2024 08:00,20.87,44.31,721.24,64.4,78.81,116.8,1.96,38.0,Open
19-02-2024 08:05,23.91,66.65,802.24,14.02,45.76,344.42,0.34,22.0,Open
19-02-2024 08:10,18.31,38.13,539.57,56.62,57.39,473.7,4.54,8.0,Open
19-02-2024 08:15,18.37,38.15,775.15,63.25,90.61,439.49,3.22,17.0,Open
19-02-2024 08:20,26.23,52.82,601.42,27.56,42.98,498.56,0.85,20.0,Closed
19-02-2024 08:25,21.6,43.29,804.07,59.82,94.77,129.8,2.33,39.0,Closed
19-02-2024 08:30,19.27,42.17,985.86,62.23,93.75,326.78,0.89,29.0,Open
19-02-2024 08:35,23.22,46.41,884.06,68.8,21.31,316.65,4.46,24.0,Closed
19-02-2024 08:40,25.7,63.24,927.41,42.45,97.28,84.97,3.03,35.0,Open
19-02-2024 08:45,20.16,63.64,956.47,24.64,99.33,83.82,1.87,42.0,Open
19-02-2024 08:50,24.23,56.63,716.46,67.48,25.02,161.29,,5.0,Closed
19-02-2024 08:55,18.85,53.09,620.73,60.96,97.47,131.04,4.91,9.0,Open
19-02-2024 09:00,18.52,30.63,970.29,5.0,90.82,162.48,2.95,25.0,Open
19-02-2024 09:05,23.31,52.6,771.84,57.41,37.16,382.94,3.52,42.0,Closed
19-02-2024 09:10,23.41,68.16,560.77,9.99,45.87,286.98,4.32,23.0,Open
19-02-2024 09:15,24.37,63.49,529.05,45.51,55.67,275.72,1.18,22.0,Closed
19-02-2024 09:20,25.26,35.78,815.19,8.16,72.61,242.21,2.45,19.0,Open
19-02-2024 09:25,27.76,68.96,637.79,67.78,90.37,50.11,1.26,9.0,Open
19-02-2024 09:30,23.16,38.67,573.94,6.64,86.22,470.48,3.83,19.0,Open
19-02-2024 09:35,21.23,34.95,538.07,58.69,32.48,51.55,2.47,18.0,Open
19-02-2024 09:40,25.95,41.56,488.4,7.33,45.37,296.31,3.76,4.0,Closed
19-02-2024 09:45,20.71,35.65,686.43,67.6,55.88,358.77,3.1,13.0,Closed
19-02-2024 09:50,22.39,38.99,606.18,33.21,51.53,111.56,,32.0,Closed
19-02-2024 09:55,18.78,42.35,680.74,69.44,88.64,315.55,4.03,47.0,
19-02-2024 10:00,18.25,53.63,549.83,42.49,12.67,308.93,1.24,28.0,Closed
19-02-2024 10:05,27.63,54.55,973.42,34.21,42.64,346.17,0.81,22.0,Closed
19-02-2024 10:10,26.36,51.38,485.92,27.46,72.87,306.7,3.95,39.0,Closed
19-02-2024 10:15,24.96,41.93,967.39,,74.9,441.7,0.24,37.0,Closed
19-02-2024 10:20,22.09,68.14,659.86,43.28,24.08,246.66,0.6,26.0,
19-02-2024 10:25,19.73,41.87,693.05,59.16,93.04,267.33,0.96,,Open
19-02-2024 10:30,19.56,46.04,506.44,48.9,17.41,442.49,4.89,33.0,Open
19-02-2024 10:35,20.5,46.89,665.56,53.09,31.72,435.11,1.2,39.0,Open
19-02-2024 10:40,23.49,30.9,465.77,34.48,63.92,94.68,1.43,20.0,Open
19-02-2024 10:45,25.15,47.15,979.36,27.14,18.44,296.91,2.13,45.0,Closed
19-02-2024 10:50,24.6,43.53,622.68,,65.43,241.66,3.5,25.0,Open
19-02-2024 10:55,20.8,32.83,528.56,42.84,98.98,406.93,0.89,31.0,Open
19-02-2024 11:00,27.55,62.45,847.94,60.29,75.57,239.6,2.79,40.0,Closed
19-02-2024 11:05,25.38,58.47,598.05,60.75,24.67,253.24,4.81,36.0,Open
19-02-2024 11:10,23.54,41.34,764.01,18.68,71.17,79.63,3.38,49.0,Closed
19-02-2024 11:15,24.12,40.42,478.54,51.6,51.26,250.33,1.11,16.0,Open
19-02-2024 11:20,22.2,66.19,671.75,74.59,33.58,,2.62,39.0,
19-02-2024 11:25,20.48,37.57,568.02,50.88,20.73,,1.47,15.0,Closed
19-02-2024 11:30,21.56,64.95,870.14,61.64,23.95,72.21,2.09,31.0,Closed
19-02-2024 11:35,25.58,33.11,481.68,64.59,54.96,460.74,4.85,2.0,Closed
19-02-2024 11:40,18.14,63.58,780.97,54.03,28.84,107.35,4.21,2.0,Open
19-02-2024 11:45,19.16,51.67,404.36,55.34,75.77,497.92,3.39,7.0,Closed
19-02-2024 11:50,18.46,61.03,417.93,27.77,15.66,282.57,2.14,42.0,Open
19-02-2024 11:55,18.41,33.72,752.61,23.51,44.3,77.48,0.12,32.0,Open
19-02-2024 12:00,26.55,46.8,919.68,67.81,24.21,437.88,3.29,37.0,Open
19-02-2024 12:05,25.04,48.01,676.98,7.2,94.44,243.28,3.06,7.0,Closed
19-02-2024 12:10,22.74,50.61,652.0,15.49,12.35,314.41,4.92,36.0,Closed
19-02-2024 12:15,18.98,55.11,453.95,55.04,73.95,378.12,4.41,4.0,Open
19-02-2024 12:20,22.92,45.58,884.79,65.51,68.19,465.44,2.7,45.0,Closed
19-02-2024 12:25,22.73,47.9,688.75,73.21,50.71,207.42,2.6,9.0,Closed
19-02-2024 12:30,19.73,44.81,543.27,41.54,97.93,377.77,4.43,40.0,Open
19-02-2024 12:35,22.34,57.95,877.86,19.47,97.67,109.34,3.27,21.0,Open
19-02-2024 12:40,21.99,66.34,668.74,57.42,87.97,53.8,2.25,11.0,Closed
19-02-2024 12:45,24.16,34.57,486.33,6.59,30.78,95.61,4.4,10.0,Closed
19-02-2024 12:50,24.35,41.5,455.46,9.35,61.05,50.07,1.58,20.0,Open
19-02-2024 12:55,18.45,38.79,979.43,73.74,19.04,267.32,1.86,5.0,Closed
19-02-2024 13:00,21.75,67.57,785.18,63.36,70.1,152.8,4.97,30.0,Closed
19-02-2024 13:05,24.26,,546.31,6.41,48.71,232.45,0.19,29.0,Open
19-02-2024 13:10,23.03,35.72,,20.86,29.76,423.23,1.21,36.0,Closed
19-02-2024 13:15,26.56,45.92,865.05,69.58,80.27,203.04,4.7,37.0,Open
19-02-2024 13:20,24.59,48.95,935.09,62.65,63.49,381.95,2.9,18.0,Closed
19-02-2024 13:25,19.63,54.92,755.7,60.83,26.53,349.33,2.74,18.0,Closed
19-02-2024 13:30,18.71,38.61,945.06,8.65,64.32,393.47,2.61,32.0,Closed
19-02-2024 13:35,24.42,50.08,664.92,23.39,20.38,450.02,1.74,32.0,Closed
19-02-2024 13:40,18.27,62.06,915.04,56.72,87.53,202.84,2.21,34.0,Open
19-02-2024 13:45,23.86,56.4,419.67,57.1,19.68,427.91,3.52,12.0,Open
19-02-2024 13:50,27.4,34.17,805.86,74.01,28.05,170.91,0.89,11.0,Closed
19-02-2024 13:55,23.75,66.49,636.24,30.67,19.4,115.05,3.82,36.0,Closed
19-02-2024 14:00,21.88,43.54,838.68,44.52,84.55,354.48,1.37,36.0,Open
19-02-2024 14:05,24.43,46.98,824.95,41.72,18.75,87.74,1.17,13.0,Open
19-02-2024 14:10,22.58,57.7,731.47,54.02,46.1,77.28,4.61,22.0,Open
19-02-2024 14:15,23.46,48.45,913.96,40.99,55.76,393.82,0.52,8.0,Closed
19-02-2024 14:20,27.41,53.52,893.92,37.47,26.44,362.06,3.08,14.0,Closed
19-02-2024 14:25,21.86,49.11,986.58,70.38,11.01,169.4,0.17,40.0,Closed
19-02-2024 14:30,27.61,42.31,556.76,14.45,83.56,379.47,4.18,38.0,Open
19-02-2024 14:35,27.05,,720.2,23.32,23.28,493.0,1.28,28.0,Closed
19-02-2024 14:40,19.96,42.46,824.94,32.02,86.6,384.71,4.03,0.0,Open
19-02-2024 14:45,18.69,47.95,958.48,60.7,40.84,105.48,1.83,33.0,
19-02-2024 14:50,19.01,38.1,920.45,22.21,15.81,412.25,3.67,37.0,Open
19-02-2024 14:55,18.18,32.43,697.57,66.25,40.51,66.25,2.62,31.0,Open
19-02-2024 15:00,18.94,57.95,705.23,27.4,22.99,365.32,2.83,6.0,Open
19-02-2024 15:05,24.83,35.04,501.78,19.31,71.41,207.55,4.35,9.0,Closed
19-02-2024 15:10,18.71,62.89,920.79,27.95,63.78,173.93,0.11,41.0,Closed
19-02-2024 15:15,21.19,44.56,575.57,59.14,33.17,330.53,2.01,6.0,Open
19-02-2024 15:20,26.45,39.96,825.96,42.88,98.91,388.03,3.84,24.0,Closed
19-02-2024 15:25,18.23,46.39,773.2,21.29,84.85,363.04,3.33,48.0,Open
19-02-2024 15:30,26.14,35.98,570.9,26.37,85.3,321.11,1.04,4.0,Open
19-02-2024 15:35,20.82,63.96,952.7,16.49,96.81,293.18,4.21,45.0,Open
19-02-2024 15:40,19.18,36.67,690.89,57.32,76.95,146.32,0.26,23.0,Closed
19-02-2024 15:45,24.97,49.75,937.45,56.19,44.72,264.79,0.52,8.0,Closed
19-02-2024 15:50,24.29,36.48,546.99,65.93,65.48,488.04,0.41,45.0,Closed
19-02-2024 15:55,26.77,31.83,508.59,71.82,72.72,187.43,3.74,39.0,Open
19-02-2024 16:00,25.35,61.91,757.65,74.91,29.37,242.57,4.01,41.0,Open
19-02-2024 16:05,26.03,52.3,689.85,66.99,81.89,207.19,0.86,47.0,Open
19-02-2024 16:10,20.82,33.12,636.05,12.38,93.43,468.3,3.18,17.0,Open
19-02-2024 16:15,19.77,65.72,805.69,50.51,29.03,297.07,3.61,31.0,Open
19-02-2024 16:20,25.51,45.7,985.35,47.76,56.66,372.01,2.56,45.0,Closed
19-02-2024 16:25,26.07,47.04,595.24,66.99,33.81,296.62,4.9,41.0,Closed
19-02-2024 16:30,27.91,49.8,774.99,14.13,83.14,112.92,1.72,19.0,Open
19-02-2024 16:35,22.13,38.99,873.46,28.86,64.89,97.78,1.75,33.0,Closed
19-02-2024 16:40,21.72,52.03,574.27,74.59,21.89,139.58,1.21,5.0,Closed
19-02-2024 16:45,25.76,40.0,579.66,16.68,63.68,399.17,1.06,18.0,Open
19-02-2024 16:50,21.41,63.44,954.23,50.8,13.94,364.09,2.26,34.0,Open
19-02-2024 16:55,27.31,63.05,475.14,55.38,73.69,424.9,2.11,31.0,Open
19-02-2024 17:00,26.58,49.08,591.08,56.05,78.21,327.44,4.68,10.0,Open
19-02-2024 17:05,22.29,51.27,728.75,73.72,79.96,424.55,4.53,29.0,Closed
19-02-2024 17:10,25.51,69.71,701.16,31.12,62.69,346.15,0.8,45.0,Closed
19-02-2024 17:15,25.55,61.81,795.5,9.78,66.54,487.39,0.36,,Open
19-02-2024 17:20,19.03,32.52,463.79,15.6,28.89,56.36,2.96,15.0,Closed
19-02-2024 17:25,27.03,36.9,966.0,7.99,12.43,274.87,4.84,39.0,Open
19-02-2024 17:30,23.05,53.84,639.47,,15.67,381.52,2.02,4.0,Open
19-02-2024 17:35,,44.87,787.03,17.34,54.26,245.99,3.2,42.0,Open
19-02-2024 17:40,21.2,62.16,840.81,19.17,53.03,294.52,2.86,0.0,Closed
19-02-2024 17:45,26.96,55.64,808.15,,42.43,301.14,1.81,43.0,Closed
19-02-2024 17:50,21.89,69.63,836.3,31.53,39.18,78.06,1.22,15.0,Open
19-02-2024 17:55,18.11,30.52,728.88,28.48,86.31,242.88,3.74,21.0,Closed
19-02-2024 18:00,27.05,47.54,967.84,33.98,95.31,248.74,3.23,16.0,Open
19-02-2024 18:05,18.91,46.3,676.14,52.64,55.37,206.57,0.76,44.0,Open
19-02-2024 18:10,21.19,47.37,909.86,47.69,12.14,348.55,2.38,19.0,Closed
19-02-2024 18:15,27.5,65.41,542.06,51.19,37.56,250.39,0.35,39.0,Open
19-02-2024 18:20,27.51,46.24,879.06,42.26,89.77,345.67,0.1,12.0,Open
19-02-2024 18:25,23.73,61.85,777.92,57.66,82.0,278.1,4.46,42.0,Closed
19-02-2024 18:30,24.32,55.31,,14.33,85.32,413.94,2.69,0.0,Open
19-02-2024 18:35,22.48,49.51,778.66,57.88,47.58,174.53,3.96,44.0,Closed
19-02-2024 18:40,20.93,57.71,547.99,16.02,55.2,347.09,1.27,31.0,Closed
19-02-2024 18:45,21.29,39.16,435.42,48.33,39.72,256.04,0.22,38.0,Open
19-02-2024 18:50,24.73,35.69,816.72,68.36,87.49,203.91,2.58,22.0,Closed
19-02-2024 18:55,25.52,68.69,548.4,46.1,79.61,59.49,,10.0,Open
19-02-2024 19:00,25.92,45.66,948.07,55.04,44.45,199.48,4.94,16.0,Open
19-02-2024 19:05,25.9,42.15,980.84,31.26,13.87,389.87,1.14,44.0,Closed
19-02-2024 19:10,18.91,40.61,976.07,35.87,22.42,320.73,1.2,27.0,Open
19-02-2024 19:15,22.94,54.89,524.68,45.27,63.11,436.69,2.37,30.0,Open
19-02-2024 19:20,18.58,69.86,726.46,6.44,,396.87,1.75,18.0,Closed
19-02-2024 19:25,23.5,65.8,972.89,32.45,95.42,100.46,2.49,25.0,Closed
19-02-2024 19:30,22.42,46.02,401.36,46.78,83.26,404.03,1.37,41.0,Closed
19-02-2024 19:35,26.88,65.81,483.82,34.56,72.12,169.96,4.57,23.0,Open
19-02-2024 19:40,21.51,48.28,728.36,60.81,94.68,85.46,0.75,6.0,Open
19-02-2024 19:45,19.17,34.37,656.6,50.89,60.64,135.96,2.6,31.0,Open
19-02-2024 19:50,19.43,37.51,507.15,22.95,27.59,274.32,2.25,46.0,Open
19-02-2024 19:55,25.62,39.72,652.45,55.02,27.1,471.11,2.44,9.0,Closed
19-02-2024 20:00,24.18,66.71,470.07,55.96,58.15,122.49,3.14,46.0,Closed
19-02-2024 20:05,19.01,69.16,581.14,64.33,86.48,55.72,3.34,9.0,Open
19-02-2024 20:10,18.84,39.08,446.76,11.71,72.29,254.37,3.34,7.0,Closed
19-02-2024 20:15,25.01,46.12,655.13,55.94,69.15,470.66,3.9,45.0,Closed
19-02-2024 20:20,18.73,69.26,978.62,26.8,16.34,340.28,3.84,5.0,Closed
19-02-2024 20:25,26.22,,818.32,27.03,67.92,242.03,4.89,32.0,Closed
19-02-2024 20:30,25.06,47.71,601.9,44.88,24.09,,4.21,28.0,Closed
19-02-2024 20:35,18.81,48.11,918.39,,88.13,228.76,3.42,19.0,Open
19-02-2024 20:40,18.85,65.14,431.51,66.47,10.54,139.49,0.58,39.0,Closed
19-02-2024 20:45,27.87,31.17,499.45,10.93,52.99,419.14,2.41,34.0,Open
19-02-2024 20:50,21.74,67.23,491.82,40.98,36.68,472.05,2.35,5.0,Open
19-02-2024 20:55,21.71,33.57,734.64,59.56,91.66,440.08,1.97,38.0,Closed
19-02-2024 21:00,26.13,66.06,468.81,65.12,80.61,236.17,1.29,10.0,Open
19-02-2024 21:05,27.47,32.56,439.09,45.74,59.32,354.38,0.54,40.0,Closed
19-02-2024 21:10,27.86,68.76,971.29,40.01,48.07,111.92,0.35,30.0,Open
19-02-2024 21:15,25.53,30.34,975.3,14.52,53.95,261.98,0.32,0.0,Closed
19-02-2024 21:20,21.76,68.6,584.75,34.18,80.71,406.15,2.34,37.0,Closed
19-02-2024 21:25,18.84,,977.59,50.72,82.32,240.49,3.37,39.0,Open
19-02-2024 21:30,25.77,35.01,688.61,50.45,37.01,404.95,2.33,33.0,Open
19-02-2024 21:35,23.58,68.52,775.14,66.45,83.72,441.68,2.61,32.0,Open
19-02-2024 21:40,22.24,61.67,437.84,8.9,10.92,496.79,4.34,17.0,Open
19-02-2024 21:45,27.06,63.59,775.76,38.51,63.98,330.56,2.95,14.0,Open
19-02-2024 21:50,19.11,47.26,838.09,24.18,18.15,325.21,1.5,9.0,Closed
19-02-2024 21:55,22.93,33.21,779.73,17.13,60.11,141.24,2.4,26.0,Open
19-02-2024 22:00,18.11,35.96,850.56,39.76,44.76,185.05,2.18,3.0,Closed
19-02-2024 22:05,22.69,66.95,773.93,9.25,84.96,489.41,2.06,1.0,Closed
19-02-2024 22:10,18.56,,892.23,16.02,16.19,439.96,3.85,19.0,Closed
19-02-2024 22:15,19.19,60.23,845.37,49.54,76.21,244.53,0.27,29.0,
19-02-2024 22:20,19.18,57.61,926.11,71.83,18.77,77.8,3.66,46.0,Open
19-02-2024 22:25,24.49,48.95,875.74,,60.95,492.04,1.78,42.0,Closed
19-02-2024 22:30,25.46,64.42,828.92,63.18,63.57,297.3,2.15,20.0,Closed
19-02-2024 22:35,23.83,56.18,,7.16,96.61,445.72,4.05,27.0,Open
19-02-2024 22:40,27.62,59.59,811.03,53.75,54.68,177.48,1.68,15.0,Closed
19-02-2024 22:45,21.75,63.48,589.58,56.31,30.39,495.07,3.16,35.0,Closed
19-02-2024 22:50,20.86,38.91,549.02,17.65,57.81,171.64,3.29,46.0,Closed
19-02-2024 22:55,26.69,41.73,879.06,12.39,99.18,169.08,4.41,15.0,Closed
19-02-2024 23:00,20.24,60.22,955.37,15.34,24.16,322.03,4.55,8.0,Closed
19-02-2024 23:05,27.63,63.17,928.1,66.03,67.98,426.22,1.44,24.0,Open
19-02-2024 23:10,18.12,53.91,877.51,65.99,10.23,285.57,2.28,48.0,Open
19-02-2024 23:15,27.7,69.73,642.04,46.16,84.76,210.99,1.96,40.0,Closed
19-02-2024 23:20,18.43,65.12,647.02,66.94,58.47,101.1,1.8,16.0,Closed
19-02-2024 23:25,26.91,62.02,872.28,34.15,60.44,205.39,4.52,7.0,
19-02-2024 23:30,,39.81,700.6,52.66,37.53,149.39,3.75,47.0,Open
19-02-2024 23:35,27.93,43.32,926.9,40.71,12.76,320.41,1.59,23.0,Closed
19-02-2024 23:40,18.74,44.43,428.51,25.46,57.23,396.95,1.51,15.0,Open
19-02-2024 23:45,23.54,33.71,966.37,38.45,81.69,296.7,1.18,36.0,Closed
19-02-2024 23:50,27.69,59.26,873.7,51.81,,211.48,1.8,38.0,Open
19-02-2024 23:55,23.23,46.49,801.24,72.06,86.42,171.07,3.77,11.0,Closed
20-02-2024 00:00,24.29,54.84,558.97,64.21,38.79,226.6,4.68,,Closed
20-02-2024 00:05,24.96,58.38,989.08,43.5,25.39,484.63,3.39,5.0,Closed
20-02-2024 00:10,22.55,30.33,876.9,69.59,81.93,,0.82,,Open
20-02-2024 00:15,24.28,31.91,762.52,47.15,61.6,154.42,4.72,5.0,Open
20-02-2024 00:20,23.84,43.4,771.54,21.95,63.53,122.76,4.82,38.0,Open
20-02-2024 00:25,27.01,56.22,861.7,30.74,94.0,173.9,2.48,21.0,Open
20-02-2024 00:30,18.45,49.13,850.28,19.73,93.4,361.81,0.34,31.0,Closed
20-02-2024 00:35,20.81,67.56,666.3,16.17,76.48,77.21,2.43,14.0,Open
20-02-2024 00:40,27.5,40.28,485.6,47.64,80.79,346.39,4.73,16.0,Closed
20-02-2024 00:45,26.9,34.15,463.32,43.31,39.91,130.93,4.96,38.0,Open
20-02-2024 00:50,22.56,34.57,685.7,7.26,54.18,260.84,1.51,16.0,Closed
20-02-2024 00:55,24.2,39.0,576.81,38.52,40.62,236.64,1.44,8.0,Open
20-02-2024 01:00,20.77,39.45,454.94,62.15,68.83,310.87,3.4,11.0,Open
20-02-2024 01:05,19.88,45.16,715.6,18.13,,359.74,3.33,2.0,Closed
20-02-2024 01:10,22.64,52.56,947.97,14.87,21.95,197.41,0.41,6.0,Closed
20-02-2024 01:15,21.53,39.97,797.39,20.33,86.15,,1.73,24.0,Open
20-02-2024 01:20,23.84,50.61,487.21,69.19,,421.8,2.34,17.0,Open
20-02-2024 01:25,18.78,49.11,869.0,45.63,79.48,402.4,0.24,42.0,Closed
20-02-2024 01:30,27.74,42.36,522.96,20.59,42.48,474.29,4.76,25.0,Open
20-02-2024 01:35,27.86,47.36,708.97,38.86,18.66,56.17,1.58,11.0,Closed
20-02-2024 01:40,24.98,45.33,968.21,71.82,18.56,484.51,1.05,23.0,Closed
20-02-2024 01:45,23.36,68.0,850.85,32.13,65.68,105.77,3.67,33.0,Open
20-02-2024 01:50,21.1,32.75,892.37,29.24,62.91,102.8,1.62,45.0,Open
20-02-2024 01:55,26.14,60.68,698.74,49.01,98.52,276.96,1.39,43.0,Open
20-02-2024 02:00,24.85,42.38,999.72,47.87,55.97,69.5,3.31,31.0,Open
20-02-2024 02:05,19.63,37.42,538.0,64.45,65.26,202.25,2.02,28.0,Closed
20-02-2024 02:10,27.11,64.83,818.08,66.54,74.65,310.37,4.25,45.0,Closed
20-02-2024 02:15,26.23,48.78,935.24,45.61,15.33,401.1,3.88,44.0,Closed
20-02-2024 02:20,27.5,50.41,764.63,19.79,75.54,363.24,,42.0,Closed
20-02-2024 02:25,25.26,46.63,964.0,73.63,71.44,259.32,2.49,37.0,Closed
20-02-2024 02:30,24.13,46.18,968.28,36.99,69.83,306.09,3.82,18.0,Open
20-02-2024 02:35,22.18,57.71,924.9,69.45,14.26,164.44,2.97,47.0,Closed
20-02-2024 02:40,27.33,60.38,819.07,45.47,49.67,483.87,4.35,8.0,Open
20-02-2024 02:45,26.66,61.56,936.31,60.6,44.77,80.0,2.88,49.0,Closed
20-02-2024 02:50,18.45,51.01,528.7,67.77,12.77,439.35,4.39,30.0,Open
20-02-2024 02:55,18.26,58.08,785.84,18.55,57.86,451.72,0.95,24.0,Open
20-02-2024 03:00,21.76,61.1,562.24,57.19,,278.48,3.43,25.0,Open
20-02-2024 03:05,26.11,57.33,461.59,13.12,12.56,242.46,1.81,6.0,Closed
20-02-2024 03:10,27.87,37.75,838.92,47.29,90.74,357.61,2.84,19.0,Open
20-02-2024 03:15,19.5,58.47,547.45,56.24,34.28,150.34,0.82,30.0,Closed
20-02-2024 03:20,23.94,55.93,481.23,48.0,84.49,141.82,4.68,42.0,Closed
20-02-2024 03:25,21.81,33.85,733.35,60.15,42.1,461.75,1.6,41.0,Open
20-02-2024 03:30,27.7,55.85,470.46,43.75,97.11,56.53,2.59,25.0,Open
20-02-2024 03:35,26.42,65.0,735.65,70.51,17.71,444.48,0.68,17.0,Closed
20-02-2024 03:40,26.38,46.53,827.94,39.05,87.64,301.54,4.03,42.0,Open
20-02-2024 03:45,22.69,35.34,442.11,53.69,57.99,412.74,0.28,20.0,Open
20-02-2024 03:50,22.15,54.43,806.12,60.84,98.78,158.59,0.65,12.0,Open
20-02-2024 03:55,20.73,39.56,776.36,16.08,37.07,128.21,0.51,24.0,Closed
20-02-2024 04:00,18.56,51.8,507.45,7.4,52.98,318.21,3.76,8.0,Open
20-02-2024 04:05,26.65,56.77,818.62,51.94,61.29,346.74,1.53,7.0,Closed
20-02-2024 04:10,26.13,50.41,816.52,54.88,82.4,376.16,4.35,44.0,Closed
20-02-2024 04:15,28.0,42.34,672.0,72.95,81.77,183.7,,48.0,Open
20-02-2024 04:20,27.97,64.28,661.79,72.68,42.58,449.6,3.19,28.0,Closed
20-02-2024 04:25,23.55,35.44,652.61,25.83,65.2,283.93,3.75,46.0,Closed
20-02-2024 04:30,25.69,31.71,490.98,54.79,15.93,435.31,4.62,9.0,Open
20-02-2024 04:35,27.45,63.15,988.73,46.36,74.36,295.14,3.97,41.0,Open
20-02-2024 04:40,26.5,31.37,593.7,,89.77,128.82,3.57,16.0,Closed
20-02-2024 04:45,20.47,49.49,,15.96,91.97,229.58,2.33,17.0,Open
20-02-2024 04:50,22.51,51.51,606.37,38.55,22.83,475.66,3.61,2.0,Open
20-02-2024 04:55,19.29,43.53,841.92,40.28,30.8,460.88,0.88,14.0,Open
20-02-2024 05:00,27.54,41.03,951.31,43.68,15.72,433.96,4.27,49.0,Closed
20-02-2024 05:05,24.06,59.61,661.43,69.96,22.88,338.16,0.12,46.0,Open
20-02-2024 05:10,20.29,44.65,518.4,53.44,50.08,212.68,3.6,45.0,Closed
20-02-2024 05:15,24.72,34.95,586.02,39.74,23.42,257.96,3.21,,Closed
20-02-2024 05:20,24.18,48.53,640.58,52.49,33.11,393.07,1.41,31.0,Open
20-02-2024 05:25,21.58,59.05,568.52,36.27,25.31,,1.36,42.0,Closed
20-02-2024 05:30,19.14,42.32,748.14,46.02,19.83,386.61,4.23,22.0,Closed
20-02-2024 05:35,,35.28,912.35,12.11,33.17,133.55,0.77,26.0,Closed
20-02-2024 05:40,23.2,43.64,755.06,9.23,44.52,402.43,3.23,49.0,Open
20-02-2024 05:45,25.72,51.82,879.39,34.29,56.45,97.68,0.3,19.0,Open
20-02-2024 05:50,23.2,34.07,477.98,61.81,,138.09,3.13,17.0,Open
20-02-2024 05:55,26.52,39.38,764.8,73.78,90.55,181.23,4.0,,Closed
20-02-2024 06:00,23.52,68.83,473.88,10.05,34.97,180.74,4.66,46.0,Open
20-02-2024 06:05,23.61,38.17,954.19,66.02,84.94,437.67,3.05,24.0,Open
20-02-2024 06:10,26.77,32.54,,29.6,73.39,223.2,4.56,24.0,Open
20-02-2024 06:15,22.03,47.29,535.26,71.55,78.32,294.09,4.21,35.0,Closed
20-02-2024 06:20,19.34,32.95,792.97,63.44,56.49,363.83,1.42,12.0,Open
20-02-2024 06:25,18.29,30.54,516.81,60.78,13.17,399.63,4.66,43.0,Closed
20-02-2024 06:30,25.55,30.62,787.84,59.38,29.24,266.73,2.08,40.0,Open
20-02-2024 06:35,24.2,41.86,579.82,46.29,83.75,477.36,0.63,26.0,Closed
20-02-2024 06:40,25.04,32.95,906.71,16.11,77.75,428.97,4.76,24.0,Closed
20-02-2024 06:45,20.13,37.72,747.26,40.32,11.94,328.92,3.09,6.0,
20-02-2024 06:50,19.36,55.93,479.6,58.62,79.84,403.36,3.22,48.0,
20-02-2024 06:55,18.15,41.53,642.44,70.46,88.66,123.78,0.98,10.0,Open
20-02-2024 07:00,,53.02,707.14,53.35,70.59,136.4,0.48,32.0,Closed
20-02-2024 07:05,23.9,46.45,921.91,30.04,61.58,249.39,2.22,16.0,Closed
20-02-2024 07:10,21.92,65.39,869.74,,46.91,258.95,0.58,11.0,Closed
20-02-2024 07:15,22.37,57.86,685.06,62.21,53.94,494.47,1.48,14.0,Open
20-02-2024 07:20,27.04,64.1,427.53,19.08,55.71,327.53,4.94,1.0,Open
20-02-2024 07:25,21.48,50.76,470.75,30.4,43.13,113.47,2.02,27.0,Open
20-02-2024 07:30,23.14,61.25,695.71,61.56,22.29,107.95,2.2,39.0,Open
20-02-2024 07:35,25.84,54.62,706.94,59.24,68.65,485.6,2.04,15.0,Open
20-02-2024 07:40,21.97,59.76,515.61,45.26,28.06,67.98,2.61,42.0,Closed
20-02-2024 07:45,24.22,57.38,497.26,48.88,98.34,399.41,1.88,47.0,Open
20-02-2024 07:50,26.62,42.02,509.45,31.49,61.93,365.27,1.45,3.0,Open
20-02-2024 07:55,27.5,35.02,410.37,13.71,30.11,163.24,,49.0,Closed
20-02-2024 08:00,19.47,62.26,764.21,60.98,79.12,186.43,2.16,25.0,Open
20-02-2024 08:05,27.27,33.09,531.97,46.39,14.67,302.07,1.42,30.0,Closed
20-02-2024 08:10,22.92,54.21,585.41,49.88,71.27,218.21,3.3,19.0,Closed
20-02-2024 08:15,20.58,69.55,481.54,59.34,23.86,437.74,4.73,46.0,Closed
20-02-2024 08:20,22.59,37.31,618.82,73.26,77.53,78.64,4.48,24.0,Open
20-02-2024 08:25,27.8,59.74,464.96,19.03,47.46,167.58,2.14,30.0,Closed
20-02-2024 08:30,22.93,68.13,661.86,69.46,51.23,129.64,3.5,15.0,Closed
20-02-2024 08:35,21.29,49.82,655.1,11.88,77.47,415.2,3.96,26.0,Open
20-02-2024 08:40,24.33,52.92,985.76,71.39,39.45,455.11,3.99,27.0,Closed
20-02-2024 08:45,20.4,44.71,594.05,20.27,84.47,429.23,3.38,45.0,Closed
20-02-2024 08:50,18.76,47.67,705.03,16.64,22.18,380.16,2.25,22.0,Open
20-02-2024 08:55,19.29,55.2,609.12,31.9,16.54,128.45,1.8,43.0,Closed
20-02-2024 09:00,19.28,64.86,751.26,52.57,20.2,352.92,4.05,25.0,Open
20-02-2024 09:05,19.52,68.09,843.7,74.83,77.23,250.99,1.41,36.0,Open
20-02-2024 09:10,19.39,51.73,539.73,28.09,50.55,94.39,4.59,0.0,Open
20-02-2024 09:15,24.41,61.29,941.71,5.74,25.29,162.84,4.63,48.0,Closed
20-02-2024 09:20,19.82,,916.83,41.93,14.81,236.76,0.69,30.0,Closed
20-02-2024 09:25,21.46,39.88,891.67,40.12,15.28,93.43,,22.0,Open
20-02-2024 09:30,26.97,48.47,523.02,27.03,67.45,360.29,0.49,17.0,Closed
20-02-2024 09:35,22.74,57.34,630.99,42.19,40.88,306.53,0.59,11.0,Closed
20-02-2024 09:40,24.68,35.16,970.78,71.16,56.68,220.13,3.41,33.0,Open
20-02-2024 09:45,19.72,65.36,403.02,8.28,67.45,168.56,1.48,20.0,Closed
20-02-2024 09:50,19.92,46.1,552.33,54.14,41.19,383.46,2.23,47.0,Closed
20-02-2024 09:55,18.41,48.14,415.58,17.46,29.09,314.3,4.32,39.0,Closed
20-02-2024 10:00,19.69,64.79,623.96,70.59,68.1,495.29,2.45,20.0,Closed
20-02-2024 10:05,20.79,36.89,778.62,26.08,14.48,238.52,4.11,20.0,Open
20-02-2024 10:10,19.77,31.42,485.75,13.95,35.48,230.47,3.79,42.0,Open
20-02-2024 10:15,18.89,41.44,922.46,42.37,44.57,83.73,3.7,19.0,Closed
20-02-2024 10:20,19.21,36.01,701.94,,62.2,341.03,0.51,8.0,Closed
20-02-2024 10:25,22.61,69.42,496.12,32.07,93.06,299.52,0.97,1.0,Closed
20-02-2024 10:30,20.06,52.65,875.48,33.32,,308.66,0.54,22.0,Closed
20-02-2024 10:35,21.64,52.58,906.24,21.46,59.48,356.67,2.91,27.0,Open
20-02-2024 10:40,23.03,61.76,,26.14,79.78,244.52,3.66,34.0,Open
20-02-2024 10:45,24.9,40.34,936.48,25.86,93.59,202.78,2.79,24.0,Closed
20-02-2024 10:50,18.39,,583.12,42.39,18.89,367.34,1.17,2.0,Open
20-02-2024 10:55,25.99,35.69,817.32,71.98,,255.84,2.96,2.0,Closed
20-02-2024 11:00,24.28,33.74,632.32,58.55,15.25,292.12,1.85,27.0,Open
20-02-2024 11:05,18.82,47.59,778.18,69.97,57.71,124.95,1.69,27.0,Open
20-02-2024 11:10,26.74,66.52,,45.66,18.18,129.41,2.05,42.0,Closed
20-02-2024 11:15,27.21,47.64,423.76,72.43,37.68,487.57,4.64,20.0,Closed
20-02-2024 11:20,18.61,48.07,455.88,15.59,28.09,94.13,1.83,48.0,Open
20-02-2024 11:25,20.77,64.6,958.44,18.44,42.35,340.72,1.24,14.0,Open
20-02-2024 11:30,26.06,41.44,477.19,16.11,46.94,204.79,3.81,34.0,Closed
20-02-2024 11:35,25.48,49.59,482.15,39.19,44.77,104.4,0.41,34.0,Open
20-02-2024 11:40,19.85,36.58,677.56,43.29,34.14,332.49,1.6,35.0,Open
20-02-2024 11:45,20.09,63.85,508.64,52.32,32.98,264.53,4.26,42.0,
20-02-2024 11:50,21.7,31.49,897.77,32.18,55.4,342.07,4.35,9.0,Open
20-02-2024 11:55,22.85,46.52,818.59,46.43,18.16,130.73,2.41,13.0,Open
20-02-2024 12:00,24.18,41.06,430.03,51.75,73.03,416.57,0.3,31.0,Open
20-02-2024 12:05,21.69,40.29,511.16,64.5,94.47,255.94,3.02,40.0,Open
20-02-2024 12:10,22.63,39.77,921.22,11.49,57.97,53.66,3.88,33.0,Closed
20-02-2024 12:15,25.47,44.78,417.5,39.03,12.27,221.62,3.73,26.0,Open
20-02-2024 12:20,18.37,66.06,713.58,15.06,11.21,94.19,2.43,4.0,Open
20-02-2024 12:25,20.52,58.35,552.56,22.03,74.52,218.51,0.69,30.0,Closed
20-02-2024 12:30,25.13,65.58,545.86,32.72,34.85,187.15,3.72,26.0,Closed
20-02-2024 12:35,26.95,37.86,503.96,11.07,32.61,463.49,0.83,15.0,Open
20-02-2024 12:40,23.12,63.97,724.82,30.56,89.97,316.58,2.37,41.0,Open
20-02-2024 12:45,23.32,47.19,785.38,37.33,99.89,183.21,4.35,17.0,Open
20-02-2024 12:50,19.07,69.24,789.1,74.42,52.77,291.52,0.95,30.0,Open
20-02-2024 12:55,22.47,53.75,439.98,12.84,43.62,413.43,0.81,2.0,Open
20-02-2024 13:00,23.33,49.49,660.57,27.78,45.71,62.21,,44.0,Closed
20-02-2024 13:05,20.42,67.01,625.02,68.06,,208.69,4.59,34.0,Closed
20-02-2024 13:10,20.69,45.25,482.14,13.18,31.7,444.95,3.32,38.0,Open
20-02-2024 13:15,21.77,59.95,451.78,52.29,56.81,440.44,0.12,3.0,Closed
20-02-2024 13:20,18.2,48.93,644.94,38.65,63.59,101.69,2.42,5.0,Open
20-02-2024 13:25,21.22,59.34,417.32,47.41,73.41,329.78,4.7,46.0,Open
20-02-2024 13:30,,41.03,971.43,64.68,47.62,382.94,4.02,45.0,Closed
20-02-2024 13:35,21.27,46.27,,29.44,48.45,60.64,4.51,33.0,Closed
20-02-2024 13:40,19.2,43.81,946.71,69.0,74.43,486.37,1.16,33.0,Closed
20-02-2024 13:45,26.91,64.75,539.84,11.71,19.22,478.67,1.7,,Open
20-02-2024 13:50,23.94,67.14,908.24,71.19,36.19,194.35,1.22,31.0,Open
20-02-2024 13:55,24.79,59.42,455.49,71.03,32.63,454.16,2.67,47.0,Closed
20-02-2024 14:00,25.89,62.86,504.54,17.19,14.05,396.01,2.35,12.0,Open
20-02-2024 14:05,22.98,44.16,494.15,23.91,48.88,178.82,0.72,31.0,Open
20-02-2024 14:10,18.87,36.03,497.95,17.75,88.21,290.91,0.75,34.0,Open
20-02-2024 14:15,23.37,57.46,867.96,23.17,27.72,458.55,2.49,43.0,Open
20-02-2024 14:20,23.87,55.49,730.82,24.75,56.02,213.79,4.2,5.0,Closed
20-02-2024 14:25,,40.55,946.79,55.27,86.73,197.53,1.92,9.0,Open
20-02-2024 14:30,22.32,66.5,785.07,32.09,23.65,313.69,4.43,2.0,Closed
20-02-2024 14:35,19.28,44.3,701.9,73.96,58.64,371.8,0.46,39.0,Closed
20-02-2024 14:40,20.84,62.61,803.25,32.06,87.88,455.35,2.34,40.0,Open
20-02-2024 14:45,21.63,35.16,622.6,33.86,61.43,237.82,1.51,20.0,Closed
20-02-2024 14:50,24.46,41.47,627.88,17.37,98.89,292.86,4.65,42.0,Closed
20-02-2024 14:55,23.71,54.58,414.34,22.77,59.28,423.32,4.0,49.0,Open
20-02-2024 15:00,21.56,39.68,970.16,47.92,48.84,63.59,4.01,32.0,Closed
20-02-2024 15:05,27.87,68.26,539.67,5.84,89.54,369.82,1.36,34.0,Closed
20-02-2024 15:10,24.06,52.06,731.78,39.36,90.09,281.45,1.94,33.0,Open
20-02-2024 15:15,20.37,59.26,993.49,17.7,93.66,365.94,3.46,0.0,Open
20-02-2024 15:20,19.02,52.46,499.95,8.19,66.9,321.06,3.51,5.0,Closed
20-02-2024 15:25,19.53,,518.09,43.39,80.69,228.0,3.76,27.0,Closed
20-02-2024 15:30,20.46,62.89,645.71,8.11,12.62,469.56,1.08,2.0,Closed
20-02-2024 15:35,19.61,30.91,880.75,45.12,63.36,76.43,4.94,32.0,Open
20-02-2024 15:40,19.87,47.07,479.15,37.55,62.06,199.37,4.54,21.0,Closed
20-02-2024 15:45,20.85,65.24,977.68,55.82,65.24,128.55,4.33,4.0,Open
20-02-2024 15:50,19.73,33.41,616.92,7.5,96.09,402.71,4.01,17.0,Open
20-02-2024 15:55,26.97,38.3,702.9,8.46,90.73,355.08,2.37,47.0,Open
20-02-2024 16:00,18.8,68.42,902.48,17.39,76.12,261.32,,11.0,
20-02-2024 16:05,23.25,68.36,879.45,52.44,95.97,265.04,0.35,32.0,Closed
20-02-2024 16:10,22.1,45.38,792.4,16.79,49.98,239.41,2.89,42.0,Closed
20-02-2024 16:15,27.82,60.09,640.72,59.99,67.9,194.4,0.34,41.0,Closed
20-02-2024 16:20,19.12,55.03,955.63,47.32,62.11,291.38,0.45,15.0,Open
20-02-2024 16:25,21.98,49.72,715.86,48.52,52.85,414.17,2.54,9.0,Closed
20-02-2024 16:30,27.69,62.56,807.45,32.53,42.26,143.71,3.88,49.0,Closed
20-02-2024 16:35,26.66,56.03,527.71,38.8,30.59,130.19,4.68,27.0,
20-02-2024 16:40,26.17,33.64,538.83,65.95,17.61,399.68,2.79,47.0,Open
20-02-2024 16:45,20.58,63.58,499.21,57.39,24.83,350.58,1.19,26.0,Open
20-02-2024 16:50,19.71,40.98,876.27,10.61,95.3,344.65,2.47,22.0,Open
20-02-2024 16:55,24.69,55.32,457.09,29.67,22.32,241.59,1.24,21.0,Open
20-02-2024 17:00,27.29,61.02,608.06,71.39,97.79,441.31,2.19,8.0,Closed
20-02-2024 17:05,23.57,65.91,995.16,29.93,36.99,,1.49,40.0,Open
20-02-2024 17:10,23.72,67.01,802.94,34.24,60.04,233.05,0.74,,Closed
20-02-2024 17:15,20.8,67.03,460.89,63.18,21.41,208.63,0.25,8.0,Open
20-02-2024 17:20,25.69,56.29,821.35,14.24,74.08,80.45,4.09,4.0,Open
20-02-2024 17:25,19.87,54.97,847.66,69.83,66.81,308.14,4.72,46.0,Open
20-02-2024 17:30,21.24,30.59,932.9,32.75,20.48,276.29,4.59,7.0,Open
20-02-2024 17:35,22.25,33.38,437.46,52.04,90.4,242.95,1.8,16.0,Open
20-02-2024 17:40,23.08,45.7,500.06,33.22,99.52,240.5,1.73,6.0,Closed
20-02-2024 17:45,20.42,61.71,633.55,5.32,36.9,340.79,3.38,12.0,Open
20-02-2024 17:50,19.15,53.68,752.03,37.64,98.96,478.33,2.17,47.0,Open
20-02-2024 17:55,24.11,39.41,492.27,43.36,23.14,344.49,4.81,3.0,Open
20-02-2024 18:00,20.89,34.92,650.8,62.71,74.67,498.13,0.2,16.0,Open
20-02-2024 18:05,23.81,48.73,472.62,19.48,98.79,475.52,0.79,29.0,Closed
20-02-2024 18:10,19.54,66.52,561.73,28.46,36.33,172.88,1.24,41.0,Closed
20-02-2024 18:15,22.81,32.13,832.33,60.45,25.23,459.21,1.06,46.0,Closed
20-02-2024 18:20,23.33,48.51,881.54,53.79,25.04,147.37,1.77,5.0,Open
20-02-2024 18:25,18.52,32.36,946.45,7.54,84.2,78.38,4.12,36.0,Closed
20-02-2024 18:30,21.37,40.0,754.46,51.02,24.62,75.48,2.64,24.0,Open
20-02-2024 18:35,19.34,68.15,831.54,62.89,68.0,171.2,2.22,37.0,Open
20-02-2024 18:40,18.63,34.19,889.85,70.69,36.09,194.26,4.45,7.0,Closed
20-02-2024 18:45,27.9,32.03,492.23,39.93,42.4,179.65,2.53,4.0,Closed
20-02-2024 18:50,21.22,33.49,869.54,69.08,20.62,135.16,2.89,4.0,Open
20-02-2024 18:55,26.1,57.67,811.75,72.37,68.06,187.59,2.0,16.0,Open
20-02-2024 19:00,20.55,30.49,721.74,49.74,59.79,475.65,0.43,37.0,Open
20-02-2024 19:05,24.82,45.75,555.31,29.33,27.54,169.05,2.17,3.0,Open
20-02-2024 19:10,25.6,68.13,850.54,8.59,24.65,259.67,2.71,17.0,Closed
20-02-2024 19:15,23.96,32.75,626.19,8.47,89.25,373.96,1.27,24.0,Closed
20-02-2024 19:20,22.72,67.28,568.99,23.67,15.58,334.06,1.28,48.0,Closed
20-02-2024 19:25,22.12,34.7,414.0,10.98,56.0,229.5,2.13,1.0,Open
20-02-2024 19:30,21.49,35.11,939.27,71.17,10.81,458.33,4.76,45.0,Open
20-02-2024 19:35,27.3,54.19,623.77,71.42,75.52,71.18,3.32,47.0,Open
20-02-2024 19:40,26.31,39.76,589.62,64.38,63.73,128.51,4.34,32.0,Closed
20-02-2024 19:45,27.65,30.12,404.02,36.89,58.96,,1.68,7.0,Open
20-02-2024 19:50,19.24,59.98,654.98,56.68,49.35,122.91,1.55,6.0,Closed
20-02-2024 19:55,25.31,44.83,755.73,67.61,34.31,140.64,0.67,15.0,Closed
20-02-2024 20:00,27.38,66.33,909.79,34.26,38.18,315.47,1.74,40.0,Closed
20-02-2024 20:05,19.81,41.12,470.96,5.72,38.81,141.18,2.51,16.0,Open
20-02-2024 20:10,18.66,56.77,879.06,59.79,28.33,164.17,3.28,21.0,Open
20-02-2024 20:15,25.41,43.06,728.72,21.84,97.26,433.25,4.42,5.0,Open
20-02-2024 20:20,23.74,35.93,839.33,60.3,78.86,381.55,0.87,3.0,Open
20-02-2024 20:25,26.42,68.99,761.05,21.55,81.31,209.16,0.24,6.0,Closed
20-02-2024 20:30,19.4,53.53,945.4,42.13,61.08,328.23,1.28,45.0,Closed
20-02-2024 20:35,25.95,63.59,668.66,15.15,54.0,392.01,3.05,17.0,Closed
20-02-2024 20:40,20.02,40.01,721.06,65.85,88.65,320.63,0.82,46.0,Closed
20-02-2024 20:45,19.64,45.73,816.92,36.81,67.12,211.56,1.43,3.0,Open
20-02-2024 20:50,19.64,49.08,693.74,24.33,19.47,72.55,1.25,43.0,Open
20-02-2024 20:55,26.15,55.19,790.06,70.17,94.77,404.84,1.25,31.0,Open
20-02-2024 21:00,24.65,45.79,410.72,62.7,55.45,382.07,0.33,25.0,Open
20-02-2024 21:05,23.23,39.9,760.93,30.88,93.21,323.03,1.57,35.0,Open
20-02-2024 21:10,21.59,37.6,574.91,63.21,65.65,448.62,4.59,28.0,Closed
20-02-2024 21:15,26.77,53.97,899.71,21.66,54.53,383.74,0.23,14.0,Open
20-02-2024 21:20,21.92,39.91,537.87,47.52,64.61,112.98,3.83,43.0,Open
20-02-2024 21:25,,45.86,833.75,14.48,96.76,411.36,3.94,16.0,Open
20-02-2024 21:30,22.39,31.39,928.98,38.51,54.93,418.35,1.15,30.0,Open
20-02-2024 21:35,21.77,40.26,469.91,35.53,53.72,198.68,2.21,11.0,Closed
20-02-2024 21:40,22.63,49.32,973.6,17.9,76.68,181.35,1.86,2.0,Open
20-02-2024 21:45,21.01,61.84,517.21,34.98,37.41,230.55,4.71,23.0,Closed
20-02-2024 21:50,25.48,44.92,821.82,49.73,84.96,108.78,1.15,33.0,Closed
20-02-2024 21:55,23.03,41.81,909.19,49.48,37.79,274.95,3.45,9.0,Closed
20-02-2024 22:00,20.32,50.64,409.82,33.09,33.14,413.18,1.84,18.0,Open
20-02-2024 22:05,27.0,31.99,967.53,49.62,98.62,340.28,4.91,12.0,Closed
20-02-2024 22:10,21.84,44.16,624.91,17.87,89.92,169.01,4.64,48.0,Open
20-02-2024 22:15,23.44,35.41,734.16,57.29,99.64,377.32,4.59,29.0,Open
20-02-2024 22:20,27.06,40.14,852.41,40.85,79.84,155.37,3.62,41.0,Closed
20-02-2024 22:25,24.24,45.63,629.62,32.23,50.31,387.63,2.41,24.0,Open
20-02-2024 22:30,19.17,32.32,730.51,34.79,24.16,488.98,2.12,22.0,Closed
20-02-2024 22:35,,61.89,516.48,32.19,11.89,334.44,4.52,3.0,Open
20-02-2024 22:40,24.28,40.99,506.42,38.93,34.51,226.81,2.28,19.0,Open
20-02-2024 22:45,21.35,,978.59,36.08,29.44,478.25,2.68,29.0,Open
20-02-2024 22:50,19.39,43.74,573.14,12.04,38.62,248.87,4.19,21.0,Open
20-02-2024 22:55,25.94,44.71,957.19,61.2,77.27,240.01,4.47,46.0,Closed
20-02-2024 23:00,24.2,62.51,481.17,34.78,17.22,92.82,3.68,9.0,Closed
20-02-2024 23:05,23.33,41.39,728.99,67.6,66.83,348.39,2.55,11.0,Closed
20-02-2024 23:10,26.94,48.42,432.17,38.6,46.18,385.08,1.41,19.0,Open
20-02-2024 23:15,25.89,49.93,815.6,6.68,19.24,193.02,2.13,34.0,Open
20-02-2024 23:20,19.52,42.22,858.37,23.05,54.21,229.46,2.63,19.0,Closed
20-02-2024 23:25,21.12,61.33,812.14,11.69,16.99,139.27,3.4,49.0,Open
20-02-2024 23:30,20.48,54.96,908.19,28.24,95.67,183.62,4.91,3.0,Closed
20-02-2024 23:35,,58.84,529.6,62.59,36.24,127.82,4.94,37.0,Closed
20-02-2024 23:40,18.34,32.18,481.83,51.85,26.68,172.68,3.63,8.0,Closed
20-02-2024 23:45,23.7,62.78,715.85,68.54,74.92,372.32,3.01,2.0,Closed
20-02-2024 23:50,25.62,39.62,473.6,40.45,83.94,293.11,1.88,25.0,Closed
20-02-2024 23:55,26.77,33.67,602.57,10.87,87.09,420.16,2.33,43.0,Closed
21-02-2024 00:00,21.42,56.44,490.52,53.86,92.67,243.53,1.43,3.0,Closed
21-02-2024 00:05,26.21,38.72,789.37,35.41,22.77,477.27,4.1,47.0,Open
21-02-2024 00:10,19.11,46.26,449.42,8.76,93.24,75.14,2.77,15.0,Closed
21-02-2024 00:15,26.46,58.32,517.28,57.66,26.96,,4.73,13.0,Closed
21-02-2024 00:20,19.27,34.11,963.91,17.7,39.07,215.17,0.84,46.0,Open
21-02-2024 00:25,21.97,35.11,729.39,68.07,29.2,106.69,0.99,8.0,Open
21-02-2024 00:30,25.97,56.6,826.22,58.01,21.82,319.79,3.0,36.0,Closed
21-02-2024 00:35,19.5,47.98,607.41,67.1,48.52,360.03,0.56,46.0,Open
21-02-2024 00:40,20.29,38.85,636.91,10.56,84.27,288.87,4.7,23.0,Closed
21-02-2024 00:45,25.22,50.63,793.5,62.41,95.92,398.02,1.99,45.0,Closed
21-02-2024 00:50,25.2,54.75,481.26,13.04,53.74,267.65,2.52,26.0,Open
21-02-2024 00:55,24.41,46.2,561.43,36.49,16.79,426.16,3.61,6.0,Open
21-02-2024 01:00,24.94,36.92,438.94,59.72,25.97,441.09,4.15,15.0,Closed
21-02-2024 01:05,23.43,55.9,747.02,33.41,64.0,85.04,2.12,6.0,Open
21-02-2024 01:10,20.52,34.85,587.46,46.98,61.09,434.86,4.07,25.0,Closed
21-02-2024 01:15,21.46,56.14,889.04,36.5,36.87,389.75,4.45,38.0,Open
21-02-2024 01:20,19.82,40.83,903.04,55.54,15.41,131.12,2.88,17.0,Open
21-02-2024 01:25,27.08,30.06,412.13,24.79,97.67,477.14,0.8,29.0,Closed
21-02-2024 01:30,23.83,48.63,467.25,53.37,79.35,76.43,1.3,46.0,Closed
21-02-2024 01:35,22.01,42.4,459.16,46.94,71.87,66.6,0.68,20.0,Closed
21-02-2024 01:40,22.62,39.18,582.43,45.33,54.62,160.94,3.85,12.0,Open
21-02-2024 01:45,27.47,49.94,897.87,7.44,32.94,481.15,1.11,6.0,Open
21-02-2024 01:50,19.53,43.47,795.7,44.19,41.3,104.04,3.18,41.0,Open
21-02-2024 01:55,23.86,41.8,847.39,28.66,42.65,243.84,1.32,42.0,Open
21-02-2024 02:00,23.06,60.5,402.01,7.88,91.94,268.8,4.65,11.0,Open
21-02-2024 02:05,24.11,33.32,861.21,6.86,23.31,489.13,2.77,22.0,Open
21-02-2024 02:10,18.18,45.91,889.49,14.92,87.77,,0.16,0.0,Closed
21-02-2024 02:15,26.72,39.87,532.62,44.31,30.34,443.32,1.53,24.0,Open
21-02-2024 02:20,27.32,41.41,828.56,26.66,33.74,387.44,4.15,12.0,
21-02-2024 02:25,23.65,47.67,547.47,13.31,81.43,182.96,1.21,25.0,Closed
21-02-2024 02:30,24.97,66.91,621.81,26.39,89.26,346.23,1.82,27.0,Open
21-02-2024 02:35,27.22,56.37,418.46,54.86,60.1,267.03,0.43,14.0,Open
21-02-2024 02:40,25.07,37.72,877.65,,60.74,377.11,1.7,9.0,Closed
21-02-2024 02:45,19.53,52.9,586.11,66.6,20.41,91.02,1.27,14.0,Closed
21-02-2024 02:50,23.76,36.15,486.62,14.61,38.76,499.34,0.53,25.0,Open
21-02-2024 02:55,24.07,65.41,961.51,,90.16,334.28,2.7,14.0,Closed
21-02-2024 03:00,22.24,46.95,584.26,53.8,58.83,441.2,2.0,7.0,Closed
21-02-2024 03:05,25.36,67.99,848.07,44.32,22.9,405.7,4.75,8.0,Closed
21-02-2024 03:10,27.34,56.49,926.01,67.74,93.01,364.88,3.23,29.0,Open
21-02-2024 03:15,27.26,63.34,962.5,34.07,22.3,332.03,1.9,9.0,Open
21-02-2024 03:20,22.51,37.17,635.51,15.97,49.03,147.4,2.01,11.0,Open
21-02-2024 03:25,19.13,64.2,559.03,71.57,92.62,223.46,2.91,26.0,Open
21-02-2024 03:30,27.85,37.58,490.92,32.82,36.55,66.64,3.95,3.0,Closed
21-02-2024 03:35,26.39,69.05,728.7,46.02,53.64,121.74,1.05,10.0,Closed
21-02-2024 03:40,19.25,41.2,959.51,22.21,73.47,140.63,2.16,13.0,Closed
21-02-2024 03:45,27.21,57.36,915.08,37.8,59.04,186.2,4.62,21.0,Closed
21-02-2024 03:50,26.7,51.86,593.37,18.72,84.34,156.23,4.83,21.0,Open
21-02-2024 03:55,23.19,49.14,582.56,48.49,77.74,320.76,4.22,23.0,Closed
21-02-2024 04:00,23.91,47.15,964.37,,76.55,335.81,0.53,6.0,Closed
21-02-2024 04:05,21.99,45.35,982.5,32.73,51.55,138.73,2.66,42.0,Closed
21-02-2024 04:10,18.55,42.13,512.69,68.72,40.92,211.86,1.23,25.0,Closed
21-02-2024 04:15,21.35,53.89,952.48,65.38,78.42,499.71,4.06,37.0,Closed
21-02-2024 04:20,26.03,69.37,769.92,60.32,,408.6,4.77,27.0,Open
21-02-2024 04:25,18.05,56.89,524.91,35.28,64.38,68.03,3.52,4.0,Closed
21-02-2024 04:30,21.33,60.28,910.11,50.2,74.77,225.75,3.38,42.0,Open
21-02-2024 04:35,21.98,56.17,683.61,61.78,98.87,238.17,4.64,18.0,Open
21-02-2024 04:40,23.37,50.63,607.36,18.29,51.41,313.56,2.71,9.0,Closed
21-02-2024 04:45,27.2,62.68,530.48,15.02,60.23,108.11,0.78,28.0,Closed
21-02-2024 04:50,21.46,42.93,701.15,28.76,51.78,276.76,3.81,3.0,Closed
21-02-2024 04:55,21.47,40.93,923.41,70.88,67.5,108.86,1.04,9.0,Open
21-02-2024 05:00,25.38,45.35,927.69,58.58,17.84,89.65,2.23,22.0,Closed
21-02-2024 05:05,22.52,53.15,,57.43,,381.63,4.38,27.0,Open
21-02-2024 05:10,20.25,30.0,429.2,32.99,63.64,368.16,3.89,5.0,Closed
21-02-2024 05:15,22.52,63.41,887.9,25.8,60.36,171.85,1.24,40.0,Closed
21-02-2024 05:20,19.41,42.13,536.14,36.17,51.49,258.88,3.47,24.0,Open
21-02-2024 05:25,19.76,54.03,896.47,44.27,80.43,173.82,1.55,21.0,Closed
21-02-2024 05:30,22.98,32.1,612.76,54.76,65.81,356.94,2.37,39.0,Closed
21-02-2024 05:35,22.19,47.27,699.46,67.35,18.91,242.21,1.53,42.0,Open
21-02-2024 05:40,27.15,32.72,779.75,48.9,30.35,479.83,3.28,23.0,Open
21-02-2024 05:45,21.62,30.45,843.21,62.25,91.04,413.63,0.99,0.0,Open
21-02-2024 05:50,23.81,61.53,689.7,32.2,73.44,92.66,4.94,27.0,Open
21-02-2024 05:55,24.32,46.19,589.39,33.14,80.28,301.07,0.97,,Open
21-02-2024 06:00,18.13,62.59,850.65,24.55,69.46,301.97,4.34,28.0,Closed
21-02-2024 06:05,24.64,43.49,910.65,27.8,21.22,262.61,3.46,16.0,Open
21-02-2024 06:10,19.78,55.91,947.05,19.51,20.01,456.59,0.73,44.0,Closed
21-02-2024 06:15,27.61,33.77,797.34,29.49,77.01,461.48,2.51,39.0,Closed
21-02-2024 06:20,19.49,37.62,437.89,33.56,94.94,107.78,1.13,16.0,Open
21-02-2024 06:25,22.15,48.85,593.87,64.17,57.49,350.71,3.04,49.0,Closed
21-02-2024 06:30,18.85,47.62,485.41,70.06,80.7,270.27,0.38,35.0,Closed
21-02-2024 06:35,27.97,37.77,856.4,46.87,43.77,337.6,4.14,22.0,Closed
21-02-2024 06:40,23.02,64.83,751.11,29.2,66.81,355.08,0.4,8.0,Open
21-02-2024 06:45,23.95,41.37,972.81,35.38,33.66,144.85,3.4,14.0,Open
21-02-2024 06:50,18.67,47.09,883.14,45.55,60.82,216.53,2.02,7.0,Closed
21-02-2024 06:55,25.5,43.49,460.69,49.08,72.34,447.28,1.07,34.0,Closed
21-02-2024 07:00,20.1,69.82,908.19,37.24,28.19,,3.84,24.0,Closed
21-02-2024 07:05,26.98,43.87,814.47,56.67,74.34,321.71,4.78,13.0,Closed
21-02-2024 07:10,20.05,40.58,708.06,35.76,74.69,102.66,4.28,42.0,Open
21-02-2024 07:15,19.91,66.27,873.82,42.88,19.18,393.49,3.54,45.0,Closed
21-02-2024 07:20,18.37,36.3,466.71,61.92,58.38,235.27,3.54,14.0,Open
21-02-2024 07:25,22.72,66.73,449.61,61.96,56.74,258.42,1.05,37.0,Open
21-02-2024 07:30,23.65,52.74,534.0,57.09,86.21,183.53,0.39,16.0,Open
21-02-2024 07:35,18.66,38.93,477.52,69.62,84.32,372.72,3.55,29.0,Open
21-02-2024 07:40,25.76,40.08,654.42,20.98,54.89,177.81,2.06,20.0,Open
21-02-2024 07:45,22.53,58.44,951.05,7.19,79.55,315.66,3.82,28.0,Open
21-02-2024 07:50,23.24,31.57,724.45,36.96,47.21,460.96,2.62,21.0,Open
21-02-2024 07:55,22.41,58.62,958.97,7.8,66.3,326.02,1.62,25.0,
21-02-2024 08:00,22.01,42.4,,68.98,25.61,225.17,3.89,6.0,Closed
21-02-2024 08:05,23.6,62.33,439.31,45.92,96.77,85.01,4.54,4.0,Open
21-02-2024 08:10,19.55,35.0,401.96,18.21,94.34,220.81,0.48,24.0,Open
21-02-2024 08:15,19.82,39.97,837.91,14.84,25.04,,2.07,38.0,Closed
21-02-2024 08:20,26.62,47.56,984.75,,52.58,316.85,3.13,5.0,Open
21-02-2024 08:25,27.46,65.17,869.09,63.78,11.91,98.08,4.16,6.0,Closed
21-02-2024 08:30,21.73,41.36,741.31,5.36,47.79,351.92,4.6,2.0,Open
21-02-2024 08:35,20.71,63.75,884.84,55.16,68.62,380.89,3.99,18.0,Open
21-02-2024 08:40,24.44,34.08,854.23,11.99,97.72,454.01,1.0,20.0,Open
21-02-2024 08:45,22.09,,617.02,40.17,99.04,435.61,4.26,20.0,Open
21-02-2024 08:50,18.25,36.32,961.88,68.24,63.64,220.03,0.56,6.0,Open
21-02-2024 08:55,19.56,54.52,434.16,32.77,50.41,464.16,1.31,14.0,Closed
21-02-2024 09:00,25.16,45.55,521.53,10.69,57.82,356.8,4.33,8.0,Closed
21-02-2024 09:05,24.59,64.54,553.5,41.98,72.8,490.46,4.07,12.0,Open
21-02-2024 09:10,18.27,49.43,499.16,43.42,25.62,486.1,2.23,39.0,Open
21-02-2024 09:15,20.22,63.52,820.14,43.9,39.25,270.35,3.86,21.0,Open
21-02-2024 09:20,20.31,39.61,795.88,54.93,53.46,412.35,4.43,1.0,Open
21-02-2024 09:25,24.72,67.25,979.17,61.58,29.16,81.89,3.37,0.0,Closed
21-02-2024 09:30,18.2,55.4,790.08,60.66,72.02,248.67,1.5,11.0,Closed
21-02-2024 09:35,19.04,50.23,713.11,40.29,87.65,128.59,0.32,46.0,Closed
21-02-2024 09:40,26.0,54.35,610.07,26.58,61.12,273.2,0.62,43.0,Closed
21-02-2024 09:45,19.79,,958.47,21.35,36.76,253.04,4.78,18.0,Open
21-02-2024 09:50,24.53,43.7,709.2,57.05,66.02,395.95,2.01,47.0,Closed
21-02-2024 09:55,20.38,39.83,729.03,49.76,17.26,145.86,4.15,20.0,Closed
21-02-2024 10:00,18.99,39.82,852.29,19.41,77.43,341.49,3.64,11.0,Closed
21-02-2024 10:05,20.43,68.91,671.96,35.1,32.85,137.22,3.47,7.0,Closed
21-02-2024 10:10,25.22,43.5,694.46,73.41,40.61,381.17,3.54,7.0,Closed
21-02-2024 10:15,26.56,65.36,574.54,33.49,72.27,457.63,0.34,12.0,Closed
21-02-2024 10:20,26.3,35.5,775.71,31.9,44.98,378.76,3.34,2.0,Open
21-02-2024 10:25,21.97,47.22,421.01,59.18,53.72,270.92,0.44,31.0,Closed
21-02-2024 10:30,24.68,54.77,470.4,63.91,27.73,146.21,0.21,45.0,Open
21-02-2024 10:35,20.05,68.54,874.95,32.93,14.85,312.58,0.97,17.0,Open
21-02-2024 10:40,20.93,57.09,835.79,34.01,95.48,422.39,3.14,10.0,Closed
21-02-2024 10:45,26.96,30.08,807.1,60.93,18.48,384.52,1.83,10.0,Closed
21-02-2024 10:50,18.13,60.41,456.21,49.63,69.77,92.1,1.02,21.0,Closed
21-02-2024 10:55,18.86,55.99,452.06,11.4,50.57,222.05,3.94,29.0,Open
21-02-2024 11:00,20.08,37.41,606.22,60.41,54.15,62.43,4.4,10.0,
21-02-2024 11:05,18.27,54.82,612.27,,46.62,212.28,0.29,36.0,Closed
21-02-2024 11:10,19.81,67.03,666.38,55.62,27.88,413.57,1.26,,Closed
21-02-2024 11:15,23.83,30.18,841.4,13.86,79.56,143.97,3.06,7.0,Closed
21-02-2024 11:20,22.21,68.98,956.54,27.33,69.53,161.05,1.62,35.0,Open
21-02-2024 11:25,26.93,41.85,484.72,72.41,51.93,342.39,3.64,37.0,Open
21-02-2024 11:30,26.17,54.3,684.83,64.07,50.94,364.19,3.51,29.0,Closed
21-02-2024 11:35,21.42,41.1,548.6,37.86,40.94,69.23,3.41,1.0,Closed
21-02-2024 11:40,20.59,59.24,921.2,19.4,15.25,469.75,1.77,18.0,Open
21-02-2024 11:45,21.8,50.63,840.01,27.97,39.32,109.82,4.76,3.0,Closed
21-02-2024 11:50,23.9,40.52,674.62,49.84,44.5,335.85,2.88,35.0,Closed
21-02-2024 11:55,20.68,50.14,977.69,8.52,73.2,302.25,2.7,40.0,Open
21-02-2024 12:00,24.24,44.07,699.01,53.61,,108.46,2.6,45.0,Closed
21-02-2024 12:05,22.09,39.99,512.45,29.44,47.69,433.56,4.46,44.0,Closed
21-02-2024 12:10,23.52,53.71,407.19,59.72,10.94,200.09,3.63,49.0,Open
21-02-2024 12:15,22.36,55.53,509.47,62.66,94.1,217.65,0.15,42.0,Open
21-02-2024 12:20,20.94,35.62,998.69,15.51,82.01,184.66,2.99,24.0,Closed
21-02-2024 12:25,27.48,67.17,972.76,69.1,18.0,212.47,3.59,12.0,Open
21-02-2024 12:30,25.64,30.27,,26.88,72.48,438.37,2.14,20.0,Closed
21-02-2024 12:35,19.4,,440.04,24.65,81.58,207.08,4.75,17.0,Closed
21-02-2024 12:40,26.68,43.73,493.84,36.66,82.58,259.25,3.19,15.0,Open
21-02-2024 12:45,22.87,32.66,936.12,72.49,85.11,169.44,0.7,19.0,Open
21-02-2024 12:50,26.95,33.6,870.6,26.16,76.28,465.8,2.61,7.0,Closed
21-02-2024 12:55,26.0,63.9,799.01,37.87,17.35,362.03,2.14,21.0,Closed
21-02-2024 13:00,22.25,44.47,882.78,39.85,86.61,352.52,2.06,41.0,Closed
21-02-2024 13:05,18.22,44.61,754.28,10.17,37.94,408.93,3.6,49.0,Open
21-02-2024 13:10,20.69,57.54,713.77,59.38,11.37,448.27,0.1,17.0,Closed
21-02-2024 13:15,23.42,58.97,476.12,8.62,99.69,337.37,3.7,24.0,Closed
21-02-2024 13:20,24.33,58.3,824.9,66.57,98.36,408.59,0.25,31.0,Closed
21-02-2024 13:25,20.58,48.76,682.22,38.27,31.53,293.72,3.33,36.0,Open
21-02-2024 13:30,19.39,58.27,984.56,50.94,24.32,141.83,4.39,35.0,Open
21-02-2024 13:35,26.35,66.96,455.62,69.84,66.09,171.68,2.31,20.0,Closed
21-02-2024 13:40,27.84,35.39,718.18,43.02,94.76,321.08,4.74,5.0,Open
21-02-2024 13:45,23.26,52.99,705.03,58.72,78.72,112.23,0.69,32.0,Closed
21-02-2024 13:50,19.72,65.15,937.4,69.74,57.77,91.42,0.13,20.0,Open
21-02-2024 13:55,20.72,68.63,779.2,53.24,32.9,303.23,1.52,19.0,Closed
21-02-2024 14:00,18.18,33.52,496.4,52.18,94.6,404.4,3.41,15.0,Closed
21-02-2024 14:05,27.14,67.99,755.12,46.53,29.22,191.77,4.1,40.0,Open
21-02-2024 14:10,19.18,59.06,863.94,38.16,33.97,236.36,0.38,25.0,Open
21-02-2024 14:15,23.77,58.99,420.94,67.18,83.45,290.97,3.71,29.0,Open
21-02-2024 14:20,20.74,35.9,822.54,13.21,94.19,460.15,1.51,24.0,Closed
21-02-2024 14:25,23.54,53.03,435.08,6.44,27.69,446.11,2.93,22.0,Closed
21-02-2024 14:30,24.51,44.34,699.21,18.36,68.34,200.2,4.37,1.0,Closed
21-02-2024 14:35,26.3,53.42,503.93,26.42,96.23,287.88,3.61,42.0,Open
21-02-2024 14:40,20.06,59.5,715.28,22.33,37.48,395.9,4.54,22.0,Closed
21-02-2024 14:45,18.11,37.34,693.7,23.89,32.43,189.42,1.03,14.0,Open
21-02-2024 14:50,19.37,36.12,783.41,20.53,57.0,149.42,3.93,19.0,Closed
21-02-2024 14:55,27.0,44.27,881.21,8.88,,378.14,4.86,18.0,Open
21-02-2024 15:00,26.74,55.69,820.32,15.72,73.02,117.52,2.69,34.0,Open
21-02-2024 15:05,23.97,56.95,780.74,61.18,73.36,374.4,0.42,32.0,Open
21-02-2024 15:10,24.01,54.35,731.34,51.46,76.68,231.73,0.88,15.0,Closed
21-02-2024 15:15,24.65,63.98,869.43,72.59,40.66,130.79,2.13,33.0,Closed
21-02-2024 15:20,19.75,59.39,963.62,6.16,92.34,396.92,3.3,33.0,Open
21-02-2024 15:25,27.14,50.19,586.59,47.68,40.44,457.14,0.15,2.0,Open
21-02-2024 15:30,22.19,49.3,502.64,27.62,11.02,216.67,3.84,14.0,Open
21-02-2024 15:35,21.83,61.91,718.09,63.15,29.23,127.14,3.54,27.0,Closed
21-02-2024 15:40,23.19,65.36,749.66,28.43,15.56,283.82,2.54,11.0,Open
21-02-2024 15:45,18.47,63.96,610.83,8.94,71.65,200.31,2.91,40.0,Open
21-02-2024 15:50,19.66,49.85,682.89,51.61,62.84,283.42,4.49,2.0,Open
21-02-2024 15:55,25.38,53.17,938.14,43.19,49.94,103.4,1.03,44.0,Open
21-02-2024 16:00,18.83,61.45,555.74,38.91,43.71,349.13,1.28,2.0,Open
21-02-2024 16:05,24.03,53.17,969.02,46.99,94.07,400.92,2.46,12.0,Closed
21-02-2024 16:10,20.45,38.99,593.84,33.78,86.54,,4.6,12.0,Open
21-02-2024 16:15,21.89,65.47,513.17,48.53,82.27,304.24,0.58,16.0,Open
21-02-2024 16:20,20.89,49.73,585.19,46.01,95.11,131.01,1.0,9.0,Open
21-02-2024 16:25,21.56,69.28,940.9,25.31,70.24,220.84,1.6,44.0,Open
21-02-2024 16:30,25.19,52.13,750.73,32.01,24.79,202.59,2.84,17.0,Closed
21-02-2024 16:35,20.97,45.48,503.09,7.7,20.43,259.94,1.24,36.0,Open
21-02-2024 16:40,23.66,38.53,965.11,26.37,46.33,193.66,1.3,36.0,Closed
21-02-2024 16:45,22.76,43.8,951.44,68.52,71.32,193.65,4.01,7.0,Closed
21-02-2024 16:50,24.64,,883.88,57.07,85.01,394.06,0.27,43.0,Open
21-02-2024 16:55,27.37,66.87,561.73,14.49,97.26,265.6,0.94,13.0,Closed
21-02-2024 17:00,25.33,54.02,915.14,41.35,86.78,109.45,2.77,12.0,Closed
21-02-2024 17:05,20.15,62.81,761.51,11.56,88.52,60.25,4.08,3.0,Open
21-02-2024 17:10,18.31,38.33,860.26,71.98,78.97,476.82,2.09,45.0,Open
21-02-2024 17:15,20.62,32.48,629.36,34.21,37.98,495.71,2.8,17.0,
21-02-2024 17:20,23.95,46.76,649.46,28.23,43.82,145.63,4.96,32.0,Closed
21-02-2024 17:25,18.51,67.45,490.58,10.99,51.88,,3.0,44.0,Open
21-02-2024 17:30,22.96,34.52,579.74,74.98,,456.53,2.31,22.0,Closed
21-02-2024 17:35,23.97,61.54,605.32,58.52,70.36,434.17,3.79,4.0,Open
21-02-2024 17:40,21.34,32.37,558.36,5.44,68.46,124.71,0.16,18.0,Open
21-02-2024 17:45,25.71,36.61,572.38,29.91,21.82,322.46,2.58,43.0,Closed
21-02-2024 17:50,19.07,59.2,686.6,,62.3,464.9,3.93,46.0,Closed
21-02-2024 17:55,18.75,38.44,793.32,54.82,72.78,53.69,2.72,46.0,Open
21-02-2024 18:00,25.28,30.88,456.16,38.58,84.06,264.72,4.14,43.0,Open
21-02-2024 18:05,22.95,38.78,519.96,47.28,99.56,342.5,3.27,,Open
21-02-2024 18:10,24.88,59.31,460.16,61.19,24.38,125.63,0.82,21.0,Open
21-02-2024 18:15,22.35,51.29,849.71,49.79,84.73,169.41,2.77,16.0,Open
21-02-2024 18:20,20.46,51.89,936.09,31.19,91.3,409.62,4.09,42.0,Open
21-02-2024 18:25,26.19,46.42,876.03,74.36,55.0,150.15,1.06,27.0,Closed
21-02-2024 18:30,25.99,35.83,704.12,63.13,87.69,85.9,3.18,21.0,Closed
21-02-2024 18:35,24.95,38.62,463.41,74.91,21.84,366.4,1.03,18.0,Closed
21-02-2024 18:40,20.72,37.41,854.65,57.81,89.43,251.05,0.52,38.0,Open
21-02-2024 18:45,23.9,58.29,998.59,25.11,56.91,325.19,1.05,2.0,Open
21-02-2024 18:50,21.61,63.88,829.07,45.65,29.79,273.5,0.42,40.0,Closed
21-02-2024 18:55,18.92,39.5,421.43,23.28,29.53,482.39,4.03,7.0,Open
21-02-2024 19:00,27.17,36.9,653.52,69.23,38.96,256.88,0.25,,Closed
21-02-2024 19:05,19.37,40.07,546.29,57.03,96.99,353.67,4.34,0.0,Closed
21-02-2024 19:10,27.5,67.55,919.68,41.71,37.56,299.22,3.28,38.0,Closed
21-02-2024 19:15,22.46,38.54,784.45,12.83,78.21,95.88,,33.0,Open
